
-- MySQL dump 10.13  Distrib 8.0.42, for Linux (aarch64)
--
-- Host: localhost    Database: bookcabin
-- ------------------------------------------------------
-- Server version	8.0.42

/*!40101 SET @OLD_CHARACTER_SET_CLIENT=@@CHARACTER_SET_CLIENT */;
/*!40101 SET @OLD_CHARACTER_SET_RESULTS=@@CHARACTER_SET_RESULTS */;
/*!40101 SET @OLD_COLLATION_CONNECTION=@@COLLATION_CONNECTION */;
/*!50503 SET NAMES utf8mb4 */;
/*!40103 SET @OLD_TIME_ZONE=@@TIME_ZONE */;
/*!40103 SET TIME_ZONE='+00:00' */;
/*!40014 SET @OLD_UNIQUE_CHECKS=@@UNIQUE_CHECKS, UNIQUE_CHECKS=0 */;
/*!40014 SET @OLD_FOREIGN_KEY_CHECKS=@@FOREIGN_KEY_CHECKS, FOREIGN_KEY_CHECKS=0 */;
/*!40101 SET @OLD_SQL_MODE=@@SQL_MODE, SQL_MODE='NO_AUTO_VALUE_ON_ZERO' */;
/*!40111 SET @OLD_SQL_NOTES=@@SQL_NOTES, SQL_NOTES=0 */;

--
-- Table structure for table `aircrafts`
--

DROP TABLE IF EXISTS `aircrafts`;
/*!40101 SET @saved_cs_client     = @@character_set_client */;
/*!50503 SET character_set_client = utf8mb4 */;
CREATE TABLE `aircrafts` (
  `id` int NOT NULL AUTO_INCREMENT,
  `code` varchar(10) DEFAULT NULL,
  `created_at` datetime DEFAULT CURRENT_TIMESTAMP,
  `updated_at` datetime DEFAULT CURRENT_TIMESTAMP ON UPDATE CURRENT_TIMESTAMP,
  PRIMARY KEY (`id`)
) ENGINE=InnoDB AUTO_INCREMENT=2 DEFAULT CHARSET=utf8mb4 COLLATE=utf8mb4_0900_ai_ci;
/*!40101 SET character_set_client = @saved_cs_client */;

--
-- Dumping data for table `aircrafts`
--

LOCK TABLES `aircrafts` WRITE;
/*!40000 ALTER TABLE `aircrafts` DISABLE KEYS */;
INSERT INTO `aircrafts` VALUES (1,'738','2025-06-15 06:07:15','2025-06-15 06:07:32');
/*!40000 ALTER TABLE `aircrafts` ENABLE KEYS */;
UNLOCK TABLES;

--
-- Table structure for table `booking_flight_stop_airports`
--

DROP TABLE IF EXISTS `booking_flight_stop_airports`;
/*!40101 SET @saved_cs_client     = @@character_set_client */;
/*!50503 SET character_set_client = utf8mb4 */;
CREATE TABLE `booking_flight_stop_airports` (
  `id` int NOT NULL AUTO_INCREMENT,
  `flight_id` int DEFAULT NULL,
  `airport_code` varchar(10) DEFAULT NULL,
  `created_at` datetime DEFAULT CURRENT_TIMESTAMP,
  `updated_at` datetime DEFAULT CURRENT_TIMESTAMP ON UPDATE CURRENT_TIMESTAMP,
  PRIMARY KEY (`id`)
) ENGINE=InnoDB DEFAULT CHARSET=utf8mb4 COLLATE=utf8mb4_0900_ai_ci;
/*!40101 SET character_set_client = @saved_cs_client */;

--
-- Dumping data for table `booking_flight_stop_airports`
--

LOCK TABLES `booking_flight_stop_airports` WRITE;
/*!40000 ALTER TABLE `booking_flight_stop_airports` DISABLE KEYS */;
/*!40000 ALTER TABLE `booking_flight_stop_airports` ENABLE KEYS */;
UNLOCK TABLES;

--
-- Table structure for table `booking_flights`
--

DROP TABLE IF EXISTS `booking_flights`;
/*!40101 SET @saved_cs_client     = @@character_set_client */;
/*!50503 SET character_set_client = utf8mb4 */;
CREATE TABLE `booking_flights` (
  `id` int NOT NULL AUTO_INCREMENT,
  `booking_id` int DEFAULT NULL,
  `flight_number` int DEFAULT NULL,
  `operating_flight_number` int DEFAULT NULL,
  `airline_code` varchar(10) DEFAULT NULL,
  `operating_airline_code` varchar(10) DEFAULT NULL,
  `departure_terminal` varchar(50) DEFAULT NULL,
  `arrival_terminal` varchar(50) DEFAULT NULL,
  `created_at` datetime DEFAULT CURRENT_TIMESTAMP,
  `updated_at` datetime DEFAULT CURRENT_TIMESTAMP ON UPDATE CURRENT_TIMESTAMP,
  PRIMARY KEY (`id`)
) ENGINE=InnoDB AUTO_INCREMENT=2 DEFAULT CHARSET=utf8mb4 COLLATE=utf8mb4_0900_ai_ci;
/*!40101 SET character_set_client = @saved_cs_client */;

--
-- Dumping data for table `booking_flights`
--

LOCK TABLES `booking_flights` WRITE;
/*!40000 ALTER TABLE `booking_flights` DISABLE KEYS */;
INSERT INTO `booking_flights` VALUES (1,1,312,312,'OD','OD','TERMINAL 1','TERMINAL 2','2025-06-16 15:59:19','2025-06-16 16:00:23');
/*!40000 ALTER TABLE `booking_flights` ENABLE KEYS */;
UNLOCK TABLES;

--
-- Table structure for table `booking_seats`
--

DROP TABLE IF EXISTS `booking_seats`;
/*!40101 SET @saved_cs_client     = @@character_set_client */;
/*!50503 SET character_set_client = utf8mb4 */;
CREATE TABLE `booking_seats` (
  `id` int NOT NULL AUTO_INCREMENT,
  `booking_id` int DEFAULT NULL,
  `passenger_id` int DEFAULT NULL,
  `seat_id` int DEFAULT NULL,
  `flight_id` int DEFAULT NULL,
  `status` varchar(20) NOT NULL DEFAULT 'selected',
  `selection_time` datetime DEFAULT CURRENT_TIMESTAMP,
  `expiry_time` datetime DEFAULT NULL,
  `available` tinyint(1) DEFAULT NULL,
  `entitled` tinyint(1) DEFAULT NULL,
  `fee_waived` tinyint(1) DEFAULT NULL,
  `entitled_rule_id` varchar(50) DEFAULT NULL,
  `fee_waived_rule_id` varchar(50) DEFAULT NULL,
  `price_amount` decimal(10,2) DEFAULT NULL,
  `price_currency` varchar(5) DEFAULT NULL,
  `tax_amount` decimal(10,2) DEFAULT NULL,
  `tax_currency` varchar(5) DEFAULT NULL,
  `total_amount` decimal(10,2) DEFAULT NULL,
  `total_currency` varchar(5) DEFAULT NULL,
  `originally_selected` tinyint(1) DEFAULT NULL,
  `created_at` datetime DEFAULT CURRENT_TIMESTAMP,
  `updated_at` datetime DEFAULT CURRENT_TIMESTAMP ON UPDATE CURRENT_TIMESTAMP,
  PRIMARY KEY (`id`)
) ENGINE=InnoDB DEFAULT CHARSET=utf8mb4 COLLATE=utf8mb4_0900_ai_ci;
/*!40101 SET character_set_client = @saved_cs_client */;

--
-- Dumping data for table `booking_seats`
--

LOCK TABLES `booking_seats` WRITE;
/*!40000 ALTER TABLE `booking_seats` DISABLE KEYS */;
/*!40000 ALTER TABLE `booking_seats` ENABLE KEYS */;
UNLOCK TABLES;

--
-- Table structure for table `bookings`
--

DROP TABLE IF EXISTS `bookings`;
/*!40101 SET @saved_cs_client     = @@character_set_client */;
/*!50503 SET character_set_client = utf8mb4 */;
CREATE TABLE `bookings` (
  `id` int NOT NULL AUTO_INCREMENT,
  `booking_reference` varchar(50) DEFAULT NULL,
  `origin` varchar(5) DEFAULT NULL,
  `destination` varchar(5) DEFAULT NULL,
  `departure` datetime DEFAULT NULL,
  `arrival` datetime DEFAULT NULL,
  `equipment` varchar(10) DEFAULT NULL,
  `fare_basis` varchar(50) DEFAULT NULL,
  `booking_class` varchar(5) DEFAULT NULL,
  `cabin_class` varchar(20) DEFAULT NULL,
  `duration` int DEFAULT NULL,
  `layover_duration` int DEFAULT NULL,
  `segment_ref` varchar(50) DEFAULT NULL,
  `subject_to_government_approval` tinyint(1) DEFAULT NULL,
  `created_at` datetime DEFAULT CURRENT_TIMESTAMP,
  `updated_at` datetime DEFAULT CURRENT_TIMESTAMP ON UPDATE CURRENT_TIMESTAMP,
  PRIMARY KEY (`id`)
) ENGINE=InnoDB AUTO_INCREMENT=2 DEFAULT CHARSET=utf8mb4 COLLATE=utf8mb4_0900_ai_ci;
/*!40101 SET character_set_client = @saved_cs_client */;

--
-- Dumping data for table `bookings`
--

LOCK TABLES `bookings` WRITE;
/*!40000 ALTER TABLE `bookings` DISABLE KEYS */;
INSERT INTO `bookings` VALUES (1,'','KUL','CGK','2025-08-27 17:55:00','2025-08-27 19:10:00','738','TOWBSSMY','1','Economy',2,2,'3937094243023851424',0,'2025-06-16 15:56:03','2025-06-16 15:58:39');
/*!40000 ALTER TABLE `bookings` ENABLE KEYS */;
UNLOCK TABLES;

--
-- Table structure for table `cabins`
--

DROP TABLE IF EXISTS `cabins`;
/*!40101 SET @saved_cs_client     = @@character_set_client */;
/*!50503 SET character_set_client = utf8mb4 */;
CREATE TABLE `cabins` (
  `id` int NOT NULL AUTO_INCREMENT,
  `aircraft_id` int DEFAULT NULL,
  `deck` varchar(10) DEFAULT NULL,
  `first_row` int DEFAULT NULL,
  `last_row` int DEFAULT NULL,
  `created_at` datetime DEFAULT CURRENT_TIMESTAMP,
  `updated_at` datetime DEFAULT CURRENT_TIMESTAMP ON UPDATE CURRENT_TIMESTAMP,
  PRIMARY KEY (`id`)
) ENGINE=InnoDB AUTO_INCREMENT=5 DEFAULT CHARSET=utf8mb4 COLLATE=utf8mb4_0900_ai_ci;
/*!40101 SET character_set_client = @saved_cs_client */;

--
-- Dumping data for table `cabins`
--

LOCK TABLES `cabins` WRITE;
/*!40000 ALTER TABLE `cabins` DISABLE KEYS */;
INSERT INTO `cabins` VALUES (1,1,'MAIN',4,30,'2025-06-15 06:12:20','2025-06-15 06:14:52');
/*!40000 ALTER TABLE `cabins` ENABLE KEYS */;
UNLOCK TABLES;

--
-- Table structure for table `frequent_flyers`
--

DROP TABLE IF EXISTS `frequent_flyers`;
/*!40101 SET @saved_cs_client     = @@character_set_client */;
/*!50503 SET character_set_client = utf8mb4 */;
CREATE TABLE `frequent_flyers` (
  `id` int NOT NULL AUTO_INCREMENT,
  `passenger_id` int DEFAULT NULL,
  `airline` varchar(10) DEFAULT NULL,
  `number` varchar(50) DEFAULT NULL,
  `tier_number` int DEFAULT NULL,
  `created_at` datetime DEFAULT CURRENT_TIMESTAMP,
  `updated_at` datetime DEFAULT CURRENT_TIMESTAMP ON UPDATE CURRENT_TIMESTAMP,
  PRIMARY KEY (`id`)
) ENGINE=InnoDB AUTO_INCREMENT=2 DEFAULT CHARSET=utf8mb4 COLLATE=utf8mb4_0900_ai_ci;
/*!40101 SET character_set_client = @saved_cs_client */;

--
-- Dumping data for table `frequent_flyers`
--

LOCK TABLES `frequent_flyers` WRITE;
/*!40000 ALTER TABLE `frequent_flyers` DISABLE KEYS */;
INSERT INTO `frequent_flyers` VALUES (1,1,'OD','88700194295',0,'2025-06-15 16:48:58','2025-06-15 16:48:58');
/*!40000 ALTER TABLE `frequent_flyers` ENABLE KEYS */;
UNLOCK TABLES;

--
-- Table structure for table `passenger_emails`
--

DROP TABLE IF EXISTS `passenger_emails`;
/*!40101 SET @saved_cs_client     = @@character_set_client */;
/*!50503 SET character_set_client = utf8mb4 */;
CREATE TABLE `passenger_emails` (
  `id` int NOT NULL AUTO_INCREMENT,
  `passenger_id` int DEFAULT NULL,
  `email` varchar(255) DEFAULT NULL,
  `created_at` datetime DEFAULT CURRENT_TIMESTAMP,
  `updated_at` datetime DEFAULT CURRENT_TIMESTAMP ON UPDATE CURRENT_TIMESTAMP,
  PRIMARY KEY (`id`)
) ENGINE=InnoDB AUTO_INCREMENT=2 DEFAULT CHARSET=utf8mb4 COLLATE=utf8mb4_0900_ai_ci;
/*!40101 SET character_set_client = @saved_cs_client */;

--
-- Dumping data for table `passenger_emails`
--

LOCK TABLES `passenger_emails` WRITE;
/*!40000 ALTER TABLE `passenger_emails` DISABLE KEYS */;
INSERT INTO `passenger_emails` VALUES (1,1,'johnsabre@domain.com','2025-06-17 14:43:01','2025-06-17 14:43:14');
/*!40000 ALTER TABLE `passenger_emails` ENABLE KEYS */;
UNLOCK TABLES;

--
-- Table structure for table `passenger_phones`
--

DROP TABLE IF EXISTS `passenger_phones`;
/*!40101 SET @saved_cs_client     = @@character_set_client */;
/*!50503 SET character_set_client = utf8mb4 */;
CREATE TABLE `passenger_phones` (
  `id` int NOT NULL AUTO_INCREMENT,
  `passenger_id` int DEFAULT NULL,
  `phone_number` varchar(50) DEFAULT NULL,
  `created_at` datetime DEFAULT CURRENT_TIMESTAMP,
  `updated_at` datetime DEFAULT CURRENT_TIMESTAMP ON UPDATE CURRENT_TIMESTAMP,
  PRIMARY KEY (`id`)
) ENGINE=InnoDB DEFAULT CHARSET=utf8mb4 COLLATE=utf8mb4_0900_ai_ci;
/*!40101 SET character_set_client = @saved_cs_client */;

--
-- Dumping data for table `passenger_phones`
--

LOCK TABLES `passenger_phones` WRITE;
/*!40000 ALTER TABLE `passenger_phones` DISABLE KEYS */;
/*!40000 ALTER TABLE `passenger_phones` ENABLE KEYS */;
UNLOCK TABLES;

--
-- Table structure for table `passengers`
--

DROP TABLE IF EXISTS `passengers`;
/*!40101 SET @saved_cs_client     = @@character_set_client */;
/*!50503 SET character_set_client = utf8mb4 */;
CREATE TABLE `passengers` (
  `id` int NOT NULL AUTO_INCREMENT,
  `passenger_index` int DEFAULT NULL,
  `passenger_name_number` varchar(10) DEFAULT NULL,
  `first_name` varchar(100) DEFAULT NULL,
  `last_name` varchar(100) DEFAULT NULL,
  `date_of_birth` date DEFAULT NULL,
  `gender` varchar(10) DEFAULT NULL,
  `type` varchar(10) DEFAULT NULL,
  `street1` varchar(255) DEFAULT NULL,
  `street2` varchar(255) DEFAULT NULL,
  `postcode` varchar(20) DEFAULT NULL,
  `state` varchar(100) DEFAULT NULL,
  `city` varchar(100) DEFAULT NULL,
  `country` varchar(5) DEFAULT NULL,
  `address_type` varchar(20) DEFAULT NULL,
  `issuing_country` varchar(5) DEFAULT NULL,
  `country_of_birth` varchar(5) DEFAULT NULL,
  `document_type` varchar(5) DEFAULT NULL,
  `nationality` varchar(5) DEFAULT NULL,
  `created_at` datetime DEFAULT CURRENT_TIMESTAMP,
  `updated_at` datetime DEFAULT CURRENT_TIMESTAMP ON UPDATE CURRENT_TIMESTAMP,
  PRIMARY KEY (`id`)
) ENGINE=InnoDB AUTO_INCREMENT=2 DEFAULT CHARSET=utf8mb4 COLLATE=utf8mb4_0900_ai_ci;
/*!40101 SET character_set_client = @saved_cs_client */;

--
-- Dumping data for table `passengers`
--

LOCK TABLES `passengers` WRITE;
/*!40000 ALTER TABLE `passengers` DISABLE KEYS */;
INSERT INTO `passengers` VALUES (1,1,'01.01','Rutwik','Sabre','1970-08-17','MALE','ADT','street1','street2','75039','Texas','city','US','HOME','','','F','MY','2025-06-15 16:33:38','2025-06-15 16:33:38');
/*!40000 ALTER TABLE `passengers` ENABLE KEYS */;
UNLOCK TABLES;

--
-- Table structure for table `raw_seat_characteristics`
--

DROP TABLE IF EXISTS `raw_seat_characteristics`;
/*!40101 SET @saved_cs_client     = @@character_set_client */;
/*!50503 SET character_set_client = utf8mb4 */;
CREATE TABLE `raw_seat_characteristics` (
  `id` int NOT NULL AUTO_INCREMENT,
  `seat_id` int DEFAULT NULL,
  `raw_characteristic` varchar(50) DEFAULT NULL,
  `created_at` datetime DEFAULT CURRENT_TIMESTAMP,
  `updated_at` datetime DEFAULT CURRENT_TIMESTAMP ON UPDATE CURRENT_TIMESTAMP,
  PRIMARY KEY (`id`)
) ENGINE=InnoDB AUTO_INCREMENT=607 DEFAULT CHARSET=utf8mb4 COLLATE=utf8mb4_0900_ai_ci;
/*!40101 SET character_set_client = @saved_cs_client */;

--
-- Dumping data for table `raw_seat_characteristics`
--

LOCK TABLES `raw_seat_characteristics` WRITE;
/*!40000 ALTER TABLE `raw_seat_characteristics` DISABLE KEYS */;
INSERT INTO `raw_seat_characteristics` VALUES (1,11,'K','2025-06-15 09:02:38','2025-06-15 09:02:38'),(2,11,'W','2025-06-15 09:02:38','2025-06-15 09:02:38'),(3,11,'LS','2025-06-15 09:02:38','2025-06-15 09:02:38'),(4,11,'L','2025-06-15 09:02:38','2025-06-15 09:02:38'),(5,11,'CH','2025-06-15 09:02:38','2025-06-15 09:02:38'),(6,12,'K','2025-06-15 09:02:38','2025-06-15 09:02:38'),(7,12,'LS','2025-06-15 09:02:38','2025-06-15 09:02:38'),(8,12,'L','2025-06-15 09:02:38','2025-06-15 09:02:38'),(9,12,'CH','2025-06-15 09:02:38','2025-06-15 09:02:38'),(10,12,'9','2025-06-15 09:02:38','2025-06-15 09:02:38'),(11,13,'A','2025-06-15 09:02:38','2025-06-15 09:02:38'),(12,13,'K','2025-06-15 09:02:38','2025-06-15 09:02:38'),(13,13,'LS','2025-06-15 09:02:38','2025-06-15 09:02:38'),(14,13,'L','2025-06-15 09:02:38','2025-06-15 09:02:38'),(15,13,'CH','2025-06-15 09:02:38','2025-06-15 09:02:38'),(16,15,'A','2025-06-15 09:02:38','2025-06-15 09:02:38'),(17,15,'K','2025-06-15 09:02:38','2025-06-15 09:02:38'),(18,15,'RS','2025-06-15 09:02:38','2025-06-15 09:02:38'),(19,15,'L','2025-06-15 09:02:38','2025-06-15 09:02:38'),(20,15,'CH','2025-06-15 09:02:38','2025-06-15 09:02:38'),(21,16,'K','2025-06-15 09:02:38','2025-06-15 09:02:38'),(22,16,'RS','2025-06-15 09:02:38','2025-06-15 09:02:38'),(23,16,'L','2025-06-15 09:02:38','2025-06-15 09:02:38'),(24,16,'CH','2025-06-15 09:02:38','2025-06-15 09:02:38'),(25,16,'9','2025-06-15 09:02:38','2025-06-15 09:02:38'),(26,17,'K','2025-06-15 09:02:38','2025-06-15 09:02:38'),(27,17,'W','2025-06-15 09:02:38','2025-06-15 09:02:38'),(28,17,'RS','2025-06-15 09:02:38','2025-06-15 09:02:38'),(29,17,'L','2025-06-15 09:02:38','2025-06-15 09:02:38'),(30,17,'CH','2025-06-15 09:02:38','2025-06-15 09:02:38'),(31,20,'W','2025-06-15 09:02:38','2025-06-15 09:02:38'),(32,20,'LS','2025-06-15 09:02:38','2025-06-15 09:02:38'),(33,20,'CH','2025-06-15 09:02:38','2025-06-15 09:02:38'),(34,20,'FC','2025-06-15 09:02:38','2025-06-15 09:02:38'),(35,21,'LS','2025-06-15 09:02:38','2025-06-15 09:02:38'),(36,21,'CH','2025-06-15 09:02:38','2025-06-15 09:02:38'),(37,21,'9','2025-06-15 09:02:38','2025-06-15 09:02:38'),(38,21,'FC','2025-06-15 09:02:38','2025-06-15 09:02:38'),(39,22,'A','2025-06-15 09:02:38','2025-06-15 09:02:38'),(40,22,'LS','2025-06-15 09:02:38','2025-06-15 09:02:38'),(41,22,'CH','2025-06-15 09:02:38','2025-06-15 09:02:38'),(42,22,'FC','2025-06-15 09:02:38','2025-06-15 09:02:38'),(43,24,'A','2025-06-15 09:02:38','2025-06-15 09:02:38'),(44,24,'RS','2025-06-15 09:02:38','2025-06-15 09:02:38'),(45,24,'CH','2025-06-15 09:02:38','2025-06-15 09:02:38'),(46,24,'FC','2025-06-15 09:02:38','2025-06-15 09:02:38'),(47,25,'RS','2025-06-15 09:02:38','2025-06-15 09:02:38'),(48,25,'CH','2025-06-15 09:02:38','2025-06-15 09:02:38'),(49,25,'9','2025-06-15 09:02:38','2025-06-15 09:02:38'),(50,25,'FC','2025-06-15 09:02:38','2025-06-15 09:02:38'),(51,26,'W','2025-06-15 09:02:38','2025-06-15 09:02:38'),(52,26,'RS','2025-06-15 09:02:38','2025-06-15 09:02:38'),(53,26,'CH','2025-06-15 09:02:38','2025-06-15 09:02:38'),(54,26,'FC','2025-06-15 09:02:38','2025-06-15 09:02:38'),(55,29,'W','2025-06-15 09:02:38','2025-06-15 09:02:38'),(56,29,'LS','2025-06-15 09:02:38','2025-06-15 09:02:38'),(57,29,'CH','2025-06-15 09:02:38','2025-06-15 09:02:38'),(58,29,'FC','2025-06-15 09:02:38','2025-06-15 09:02:38'),(59,30,'LS','2025-06-15 09:02:38','2025-06-15 09:02:38'),(60,30,'CH','2025-06-15 09:02:38','2025-06-15 09:02:38'),(61,30,'9','2025-06-15 09:02:38','2025-06-15 09:02:38'),(62,30,'FC','2025-06-15 09:02:38','2025-06-15 09:02:38'),(63,31,'A','2025-06-15 09:02:38','2025-06-15 09:02:38'),(64,31,'LS','2025-06-15 09:02:38','2025-06-15 09:02:38'),(65,31,'CH','2025-06-15 09:02:38','2025-06-15 09:02:38'),(66,31,'FC','2025-06-15 09:02:38','2025-06-15 09:02:38'),(67,33,'A','2025-06-15 09:02:38','2025-06-15 09:02:38'),(68,33,'RS','2025-06-15 09:02:38','2025-06-15 09:02:38'),(69,33,'CH','2025-06-15 09:02:38','2025-06-15 09:02:38'),(70,33,'FC','2025-06-15 09:02:38','2025-06-15 09:02:38'),(71,34,'RS','2025-06-15 09:02:38','2025-06-15 09:02:38'),(72,34,'CH','2025-06-15 09:02:38','2025-06-15 09:02:38'),(73,34,'9','2025-06-15 09:02:38','2025-06-15 09:02:38'),(74,34,'FC','2025-06-15 09:02:38','2025-06-15 09:02:38'),(75,35,'W','2025-06-15 09:02:38','2025-06-15 09:02:38'),(76,35,'RS','2025-06-15 09:02:38','2025-06-15 09:02:38'),(77,35,'CH','2025-06-15 09:02:38','2025-06-15 09:02:38'),(78,35,'FC','2025-06-15 09:02:38','2025-06-15 09:02:38'),(79,38,'W','2025-06-15 09:02:38','2025-06-15 09:02:38'),(80,38,'LS','2025-06-15 09:02:38','2025-06-15 09:02:38'),(81,38,'CH','2025-06-15 09:02:38','2025-06-15 09:02:38'),(82,39,'LS','2025-06-15 09:02:38','2025-06-15 09:02:38'),(83,39,'CH','2025-06-15 09:02:38','2025-06-15 09:02:38'),(84,39,'9','2025-06-15 09:02:38','2025-06-15 09:02:38'),(85,40,'A','2025-06-15 09:02:38','2025-06-15 09:02:38'),(86,40,'LS','2025-06-15 09:02:38','2025-06-15 09:02:38'),(87,40,'CH','2025-06-15 09:02:38','2025-06-15 09:02:38'),(88,42,'A','2025-06-15 09:02:38','2025-06-15 09:02:38'),(89,42,'RS','2025-06-15 09:02:38','2025-06-15 09:02:38'),(90,42,'CH','2025-06-15 09:02:38','2025-06-15 09:02:38'),(91,43,'RS','2025-06-15 09:02:38','2025-06-15 09:02:38'),(92,43,'CH','2025-06-15 09:02:38','2025-06-15 09:02:38'),(93,43,'9','2025-06-15 09:02:38','2025-06-15 09:02:38'),(94,44,'W','2025-06-15 09:02:38','2025-06-15 09:02:38'),(95,44,'RS','2025-06-15 09:02:38','2025-06-15 09:02:38'),(96,44,'CH','2025-06-15 09:02:38','2025-06-15 09:02:38'),(97,47,'W','2025-06-15 09:02:38','2025-06-15 09:02:38'),(98,47,'LS','2025-06-15 09:02:38','2025-06-15 09:02:38'),(99,47,'CH','2025-06-15 09:02:38','2025-06-15 09:02:38'),(100,48,'LS','2025-06-15 09:02:38','2025-06-15 09:02:38'),(101,48,'CH','2025-06-15 09:02:38','2025-06-15 09:02:38'),(102,48,'9','2025-06-15 09:02:38','2025-06-15 09:02:38'),(103,49,'A','2025-06-15 09:02:38','2025-06-15 09:02:38'),(104,49,'LS','2025-06-15 09:02:38','2025-06-15 09:02:38'),(105,49,'CH','2025-06-15 09:02:38','2025-06-15 09:02:38'),(106,51,'A','2025-06-15 09:02:38','2025-06-15 09:02:38'),(107,51,'RS','2025-06-15 09:02:38','2025-06-15 09:02:38'),(108,51,'CH','2025-06-15 09:02:38','2025-06-15 09:02:38'),(109,52,'RS','2025-06-15 09:02:38','2025-06-15 09:02:38'),(110,52,'CH','2025-06-15 09:02:38','2025-06-15 09:02:38'),(111,52,'9','2025-06-15 09:02:38','2025-06-15 09:02:38'),(112,53,'W','2025-06-15 09:02:38','2025-06-15 09:02:38'),(113,53,'RS','2025-06-15 09:02:38','2025-06-15 09:02:38'),(114,53,'CH','2025-06-15 09:02:38','2025-06-15 09:02:38'),(115,56,'W','2025-06-15 09:02:38','2025-06-15 09:02:38'),(116,56,'LS','2025-06-15 09:02:38','2025-06-15 09:02:38'),(117,56,'CH','2025-06-15 09:02:38','2025-06-15 09:02:38'),(118,57,'LS','2025-06-15 09:02:38','2025-06-15 09:02:38'),(119,57,'CH','2025-06-15 09:02:38','2025-06-15 09:02:38'),(120,57,'9','2025-06-15 09:02:38','2025-06-15 09:02:38'),(121,58,'A','2025-06-15 09:02:38','2025-06-15 09:02:38'),(122,58,'LS','2025-06-15 09:02:38','2025-06-15 09:02:38'),(123,58,'CH','2025-06-15 09:02:38','2025-06-15 09:02:38'),(124,60,'A','2025-06-15 09:02:38','2025-06-15 09:02:38'),(125,60,'RS','2025-06-15 09:02:38','2025-06-15 09:02:38'),(126,60,'CH','2025-06-15 09:02:38','2025-06-15 09:02:38'),(127,61,'RS','2025-06-15 09:02:38','2025-06-15 09:02:38'),(128,61,'CH','2025-06-15 09:02:38','2025-06-15 09:02:38'),(129,61,'9','2025-06-15 09:02:38','2025-06-15 09:02:38'),(130,62,'W','2025-06-15 09:02:38','2025-06-15 09:02:38'),(131,62,'RS','2025-06-15 09:02:38','2025-06-15 09:02:38'),(132,62,'CH','2025-06-15 09:02:38','2025-06-15 09:02:38'),(133,65,'W','2025-06-15 09:02:38','2025-06-15 09:02:38'),(134,65,'OW','2025-06-15 09:02:38','2025-06-15 09:02:38'),(135,65,'LS','2025-06-15 09:02:38','2025-06-15 09:02:38'),(136,65,'CH','2025-06-15 09:02:39','2025-06-15 09:02:39'),(137,66,'OW','2025-06-15 09:02:39','2025-06-15 09:02:39'),(138,66,'LS','2025-06-15 09:02:39','2025-06-15 09:02:39'),(139,66,'CH','2025-06-15 09:02:39','2025-06-15 09:02:39'),(140,66,'9','2025-06-15 09:02:39','2025-06-15 09:02:39'),(141,67,'A','2025-06-15 09:02:39','2025-06-15 09:02:39'),(142,67,'OW','2025-06-15 09:02:39','2025-06-15 09:02:39'),(143,67,'LS','2025-06-15 09:02:39','2025-06-15 09:02:39'),(144,67,'CH','2025-06-15 09:02:39','2025-06-15 09:02:39'),(145,69,'A','2025-06-15 09:02:39','2025-06-15 09:02:39'),(146,69,'OW','2025-06-15 09:02:39','2025-06-15 09:02:39'),(147,69,'RS','2025-06-15 09:02:39','2025-06-15 09:02:39'),(148,69,'CH','2025-06-15 09:02:39','2025-06-15 09:02:39'),(149,70,'OW','2025-06-15 09:02:39','2025-06-15 09:02:39'),(150,70,'RS','2025-06-15 09:02:39','2025-06-15 09:02:39'),(151,70,'CH','2025-06-15 09:02:39','2025-06-15 09:02:39'),(152,70,'9','2025-06-15 09:02:39','2025-06-15 09:02:39'),(153,71,'W','2025-06-15 09:02:39','2025-06-15 09:02:39'),(154,71,'OW','2025-06-15 09:02:39','2025-06-15 09:02:39'),(155,71,'RS','2025-06-15 09:02:39','2025-06-15 09:02:39'),(156,71,'CH','2025-06-15 09:02:39','2025-06-15 09:02:39'),(157,74,'W','2025-06-15 09:02:39','2025-06-15 09:02:39'),(158,74,'OW','2025-06-15 09:02:39','2025-06-15 09:02:39'),(159,74,'LS','2025-06-15 09:02:39','2025-06-15 09:02:39'),(160,74,'CH','2025-06-15 09:02:39','2025-06-15 09:02:39'),(161,74,'72','2025-06-15 09:02:39','2025-06-15 09:02:39'),(162,74,'1A','2025-06-15 09:02:39','2025-06-15 09:02:39'),(163,75,'OW','2025-06-15 09:02:39','2025-06-15 09:02:39'),(164,75,'LS','2025-06-15 09:02:39','2025-06-15 09:02:39'),(165,75,'CH','2025-06-15 09:02:39','2025-06-15 09:02:39'),(166,75,'9','2025-06-15 09:02:39','2025-06-15 09:02:39'),(167,75,'72','2025-06-15 09:02:39','2025-06-15 09:02:39'),(168,75,'1A','2025-06-15 09:02:39','2025-06-15 09:02:39'),(169,76,'A','2025-06-15 09:02:39','2025-06-15 09:02:39'),(170,76,'OW','2025-06-15 09:02:39','2025-06-15 09:02:39'),(171,76,'LS','2025-06-15 09:02:39','2025-06-15 09:02:39'),(172,76,'CH','2025-06-15 09:02:39','2025-06-15 09:02:39'),(173,76,'72','2025-06-15 09:02:39','2025-06-15 09:02:39'),(174,76,'1A','2025-06-15 09:02:39','2025-06-15 09:02:39'),(175,78,'A','2025-06-15 09:02:39','2025-06-15 09:02:39'),(176,78,'OW','2025-06-15 09:02:39','2025-06-15 09:02:39'),(177,78,'RS','2025-06-15 09:02:39','2025-06-15 09:02:39'),(178,78,'CH','2025-06-15 09:02:39','2025-06-15 09:02:39'),(179,78,'72','2025-06-15 09:02:39','2025-06-15 09:02:39'),(180,78,'1A','2025-06-15 09:02:39','2025-06-15 09:02:39'),(181,79,'OW','2025-06-15 09:02:39','2025-06-15 09:02:39'),(182,79,'RS','2025-06-15 09:02:39','2025-06-15 09:02:39'),(183,79,'CH','2025-06-15 09:02:39','2025-06-15 09:02:39'),(184,79,'9','2025-06-15 09:02:39','2025-06-15 09:02:39'),(185,79,'72','2025-06-15 09:02:39','2025-06-15 09:02:39'),(186,79,'1A','2025-06-15 09:02:39','2025-06-15 09:02:39'),(187,80,'W','2025-06-15 09:02:39','2025-06-15 09:02:39'),(188,80,'OW','2025-06-15 09:02:39','2025-06-15 09:02:39'),(189,80,'RS','2025-06-15 09:02:39','2025-06-15 09:02:39'),(190,80,'CH','2025-06-15 09:02:39','2025-06-15 09:02:39'),(191,80,'72','2025-06-15 09:02:39','2025-06-15 09:02:39'),(192,80,'1A','2025-06-15 09:02:39','2025-06-15 09:02:39'),(193,83,'E','2025-06-15 09:02:39','2025-06-15 09:02:39'),(194,83,'W','2025-06-15 09:02:39','2025-06-15 09:02:39'),(195,83,'OW','2025-06-15 09:02:39','2025-06-15 09:02:39'),(196,83,'LS','2025-06-15 09:02:39','2025-06-15 09:02:39'),(197,83,'CH','2025-06-15 09:02:39','2025-06-15 09:02:39'),(198,83,'72','2025-06-15 09:02:39','2025-06-15 09:02:39'),(199,83,'1A','2025-06-15 09:02:39','2025-06-15 09:02:39'),(200,83,'1B','2025-06-15 09:02:39','2025-06-15 09:02:39'),(201,83,'C','2025-06-15 09:02:39','2025-06-15 09:02:39'),(202,84,'E','2025-06-15 09:02:39','2025-06-15 09:02:39'),(203,84,'OW','2025-06-15 09:02:39','2025-06-15 09:02:39'),(204,84,'LS','2025-06-15 09:02:39','2025-06-15 09:02:39'),(205,84,'CH','2025-06-15 09:02:39','2025-06-15 09:02:39'),(206,84,'9','2025-06-15 09:02:39','2025-06-15 09:02:39'),(207,84,'72','2025-06-15 09:02:39','2025-06-15 09:02:39'),(208,84,'1A','2025-06-15 09:02:39','2025-06-15 09:02:39'),(209,84,'1B','2025-06-15 09:02:39','2025-06-15 09:02:39'),(210,84,'C','2025-06-15 09:02:39','2025-06-15 09:02:39'),(211,85,'A','2025-06-15 09:02:39','2025-06-15 09:02:39'),(212,85,'E','2025-06-15 09:02:39','2025-06-15 09:02:39'),(213,85,'OW','2025-06-15 09:02:39','2025-06-15 09:02:39'),(214,85,'LS','2025-06-15 09:02:39','2025-06-15 09:02:39'),(215,85,'CH','2025-06-15 09:02:39','2025-06-15 09:02:39'),(216,85,'72','2025-06-15 09:02:39','2025-06-15 09:02:39'),(217,85,'1A','2025-06-15 09:02:39','2025-06-15 09:02:39'),(218,85,'1B','2025-06-15 09:02:39','2025-06-15 09:02:39'),(219,85,'C','2025-06-15 09:02:39','2025-06-15 09:02:39'),(220,87,'A','2025-06-15 09:02:39','2025-06-15 09:02:39'),(221,87,'E','2025-06-15 09:02:39','2025-06-15 09:02:39'),(222,87,'OW','2025-06-15 09:02:39','2025-06-15 09:02:39'),(223,87,'RS','2025-06-15 09:02:39','2025-06-15 09:02:39'),(224,87,'CH','2025-06-15 09:02:39','2025-06-15 09:02:39'),(225,87,'72','2025-06-15 09:02:39','2025-06-15 09:02:39'),(226,87,'1A','2025-06-15 09:02:39','2025-06-15 09:02:39'),(227,87,'1B','2025-06-15 09:02:39','2025-06-15 09:02:39'),(228,87,'C','2025-06-15 09:02:39','2025-06-15 09:02:39'),(229,88,'E','2025-06-15 09:02:39','2025-06-15 09:02:39'),(230,88,'OW','2025-06-15 09:02:39','2025-06-15 09:02:39'),(231,88,'RS','2025-06-15 09:02:39','2025-06-15 09:02:39'),(232,88,'CH','2025-06-15 09:02:39','2025-06-15 09:02:39'),(233,88,'9','2025-06-15 09:02:39','2025-06-15 09:02:39'),(234,88,'72','2025-06-15 09:02:39','2025-06-15 09:02:39'),(235,88,'1A','2025-06-15 09:02:39','2025-06-15 09:02:39'),(236,88,'1B','2025-06-15 09:02:39','2025-06-15 09:02:39'),(237,88,'C','2025-06-15 09:02:39','2025-06-15 09:02:39'),(238,89,'E','2025-06-15 09:02:39','2025-06-15 09:02:39'),(239,89,'W','2025-06-15 09:02:39','2025-06-15 09:02:39'),(240,89,'OW','2025-06-15 09:02:39','2025-06-15 09:02:39'),(241,89,'RS','2025-06-15 09:02:39','2025-06-15 09:02:39'),(242,89,'CH','2025-06-15 09:02:39','2025-06-15 09:02:39'),(243,89,'72','2025-06-15 09:02:39','2025-06-15 09:02:39'),(244,89,'1A','2025-06-15 09:02:39','2025-06-15 09:02:39'),(245,89,'1B','2025-06-15 09:02:39','2025-06-15 09:02:39'),(246,89,'C','2025-06-15 09:02:39','2025-06-15 09:02:39'),(247,92,'E','2025-06-15 09:02:39','2025-06-15 09:02:39'),(248,92,'W','2025-06-15 09:02:39','2025-06-15 09:02:39'),(249,92,'OW','2025-06-15 09:02:39','2025-06-15 09:02:39'),(250,92,'LS','2025-06-15 09:02:39','2025-06-15 09:02:39'),(251,92,'CH','2025-06-15 09:02:39','2025-06-15 09:02:39'),(252,92,'72','2025-06-15 09:02:39','2025-06-15 09:02:39'),(253,92,'1A','2025-06-15 09:02:39','2025-06-15 09:02:39'),(254,92,'1B','2025-06-15 09:02:39','2025-06-15 09:02:39'),(255,92,'C','2025-06-15 09:02:39','2025-06-15 09:02:39'),(256,93,'E','2025-06-15 09:02:39','2025-06-15 09:02:39'),(257,93,'OW','2025-06-15 09:02:39','2025-06-15 09:02:39'),(258,93,'LS','2025-06-15 09:02:39','2025-06-15 09:02:39'),(259,93,'CH','2025-06-15 09:02:39','2025-06-15 09:02:39'),(260,93,'9','2025-06-15 09:02:39','2025-06-15 09:02:39'),(261,93,'72','2025-06-15 09:02:39','2025-06-15 09:02:39'),(262,93,'1A','2025-06-15 09:02:39','2025-06-15 09:02:39'),(263,93,'1B','2025-06-15 09:02:39','2025-06-15 09:02:39'),(264,93,'C','2025-06-15 09:02:39','2025-06-15 09:02:39'),(265,94,'A','2025-06-15 09:02:39','2025-06-15 09:02:39'),(266,94,'E','2025-06-15 09:02:39','2025-06-15 09:02:39'),(267,94,'OW','2025-06-15 09:02:39','2025-06-15 09:02:39'),(268,94,'LS','2025-06-15 09:02:39','2025-06-15 09:02:39'),(269,94,'CH','2025-06-15 09:02:39','2025-06-15 09:02:39'),(270,94,'72','2025-06-15 09:02:39','2025-06-15 09:02:39'),(271,94,'1A','2025-06-15 09:02:39','2025-06-15 09:02:39'),(272,94,'1B','2025-06-15 09:02:39','2025-06-15 09:02:39'),(273,94,'C','2025-06-15 09:02:39','2025-06-15 09:02:39'),(274,96,'A','2025-06-15 09:02:39','2025-06-15 09:02:39'),(275,96,'E','2025-06-15 09:02:39','2025-06-15 09:02:39'),(276,96,'OW','2025-06-15 09:02:39','2025-06-15 09:02:39'),(277,96,'RS','2025-06-15 09:02:39','2025-06-15 09:02:39'),(278,96,'CH','2025-06-15 09:02:39','2025-06-15 09:02:39'),(279,96,'72','2025-06-15 09:02:39','2025-06-15 09:02:39'),(280,96,'1A','2025-06-15 09:02:39','2025-06-15 09:02:39'),(281,96,'1B','2025-06-15 09:02:39','2025-06-15 09:02:39'),(282,96,'C','2025-06-15 09:02:39','2025-06-15 09:02:39'),(283,97,'E','2025-06-15 09:02:39','2025-06-15 09:02:39'),(284,97,'OW','2025-06-15 09:02:39','2025-06-15 09:02:39'),(285,97,'RS','2025-06-15 09:02:39','2025-06-15 09:02:39'),(286,97,'CH','2025-06-15 09:02:39','2025-06-15 09:02:39'),(287,97,'9','2025-06-15 09:02:39','2025-06-15 09:02:39'),(288,97,'72','2025-06-15 09:02:39','2025-06-15 09:02:39'),(289,97,'1A','2025-06-15 09:02:39','2025-06-15 09:02:39'),(290,97,'1B','2025-06-15 09:02:39','2025-06-15 09:02:39'),(291,97,'C','2025-06-15 09:02:39','2025-06-15 09:02:39'),(292,98,'E','2025-06-15 09:02:39','2025-06-15 09:02:39'),(293,98,'W','2025-06-15 09:02:39','2025-06-15 09:02:39'),(294,98,'OW','2025-06-15 09:02:39','2025-06-15 09:02:39'),(295,98,'RS','2025-06-15 09:02:39','2025-06-15 09:02:39'),(296,98,'CH','2025-06-15 09:02:39','2025-06-15 09:02:39'),(297,98,'72','2025-06-15 09:02:39','2025-06-15 09:02:39'),(298,98,'1A','2025-06-15 09:02:39','2025-06-15 09:02:39'),(299,98,'1B','2025-06-15 09:02:39','2025-06-15 09:02:39'),(300,98,'C','2025-06-15 09:02:39','2025-06-15 09:02:39'),(301,101,'W','2025-06-15 09:02:39','2025-06-15 09:02:39'),(302,101,'OW','2025-06-15 09:02:39','2025-06-15 09:02:39'),(303,101,'LS','2025-06-15 09:02:39','2025-06-15 09:02:39'),(304,101,'CH','2025-06-15 09:02:39','2025-06-15 09:02:39'),(305,102,'OW','2025-06-15 09:02:39','2025-06-15 09:02:39'),(306,102,'LS','2025-06-15 09:02:39','2025-06-15 09:02:39'),(307,102,'CH','2025-06-15 09:02:39','2025-06-15 09:02:39'),(308,102,'9','2025-06-15 09:02:39','2025-06-15 09:02:39'),(309,103,'A','2025-06-15 09:02:39','2025-06-15 09:02:39'),(310,103,'OW','2025-06-15 09:02:39','2025-06-15 09:02:39'),(311,103,'LS','2025-06-15 09:02:39','2025-06-15 09:02:39'),(312,103,'CH','2025-06-15 09:02:39','2025-06-15 09:02:39'),(313,105,'A','2025-06-15 09:02:39','2025-06-15 09:02:39'),(314,105,'OW','2025-06-15 09:02:39','2025-06-15 09:02:39'),(315,105,'RS','2025-06-15 09:02:39','2025-06-15 09:02:39'),(316,105,'CH','2025-06-15 09:02:39','2025-06-15 09:02:39'),(317,106,'OW','2025-06-15 09:02:39','2025-06-15 09:02:39'),(318,106,'RS','2025-06-15 09:02:39','2025-06-15 09:02:39'),(319,106,'CH','2025-06-15 09:02:39','2025-06-15 09:02:39'),(320,106,'9','2025-06-15 09:02:39','2025-06-15 09:02:39'),(321,107,'W','2025-06-15 09:02:39','2025-06-15 09:02:39'),(322,107,'OW','2025-06-15 09:02:39','2025-06-15 09:02:39'),(323,107,'RS','2025-06-15 09:02:39','2025-06-15 09:02:39'),(324,107,'CH','2025-06-15 09:02:39','2025-06-15 09:02:39'),(325,110,'W','2025-06-15 09:02:39','2025-06-15 09:02:39'),(326,110,'OW','2025-06-15 09:02:39','2025-06-15 09:02:39'),(327,110,'LS','2025-06-15 09:02:39','2025-06-15 09:02:39'),(328,110,'CH','2025-06-15 09:02:39','2025-06-15 09:02:39'),(329,111,'OW','2025-06-15 09:02:39','2025-06-15 09:02:39'),(330,111,'LS','2025-06-15 09:02:39','2025-06-15 09:02:39'),(331,111,'CH','2025-06-15 09:02:39','2025-06-15 09:02:39'),(332,111,'9','2025-06-15 09:02:39','2025-06-15 09:02:39'),(333,112,'A','2025-06-15 09:02:39','2025-06-15 09:02:39'),(334,112,'OW','2025-06-15 09:02:39','2025-06-15 09:02:39'),(335,112,'LS','2025-06-15 09:02:39','2025-06-15 09:02:39'),(336,112,'CH','2025-06-15 09:02:39','2025-06-15 09:02:39'),(337,114,'A','2025-06-15 09:02:39','2025-06-15 09:02:39'),(338,114,'OW','2025-06-15 09:02:39','2025-06-15 09:02:39'),(339,114,'RS','2025-06-15 09:02:39','2025-06-15 09:02:39'),(340,114,'CH','2025-06-15 09:02:39','2025-06-15 09:02:39'),(341,115,'OW','2025-06-15 09:02:39','2025-06-15 09:02:39'),(342,115,'RS','2025-06-15 09:02:39','2025-06-15 09:02:39'),(343,115,'CH','2025-06-15 09:02:39','2025-06-15 09:02:39'),(344,115,'9','2025-06-15 09:02:39','2025-06-15 09:02:39'),(345,116,'W','2025-06-15 09:02:39','2025-06-15 09:02:39'),(346,116,'OW','2025-06-15 09:02:39','2025-06-15 09:02:39'),(347,116,'RS','2025-06-15 09:02:39','2025-06-15 09:02:39'),(348,116,'CH','2025-06-15 09:02:39','2025-06-15 09:02:39'),(349,119,'W','2025-06-15 09:02:39','2025-06-15 09:02:39'),(350,119,'OW','2025-06-15 09:02:39','2025-06-15 09:02:39'),(351,119,'LS','2025-06-15 09:02:39','2025-06-15 09:02:39'),(352,119,'CH','2025-06-15 09:02:39','2025-06-15 09:02:39'),(353,120,'OW','2025-06-15 09:02:39','2025-06-15 09:02:39'),(354,120,'LS','2025-06-15 09:02:39','2025-06-15 09:02:39'),(355,120,'CH','2025-06-15 09:02:39','2025-06-15 09:02:39'),(356,120,'9','2025-06-15 09:02:39','2025-06-15 09:02:39'),(357,121,'A','2025-06-15 09:02:39','2025-06-15 09:02:39'),(358,121,'OW','2025-06-15 09:02:39','2025-06-15 09:02:39'),(359,121,'LS','2025-06-15 09:02:39','2025-06-15 09:02:39'),(360,121,'CH','2025-06-15 09:02:39','2025-06-15 09:02:39'),(361,123,'A','2025-06-15 09:02:39','2025-06-15 09:02:39'),(362,123,'OW','2025-06-15 09:02:39','2025-06-15 09:02:39'),(363,123,'RS','2025-06-15 09:02:39','2025-06-15 09:02:39'),(364,123,'CH','2025-06-15 09:02:39','2025-06-15 09:02:39'),(365,124,'OW','2025-06-15 09:02:39','2025-06-15 09:02:39'),(366,124,'RS','2025-06-15 09:02:39','2025-06-15 09:02:39'),(367,124,'CH','2025-06-15 09:02:39','2025-06-15 09:02:39'),(368,124,'9','2025-06-15 09:02:39','2025-06-15 09:02:39'),(369,125,'W','2025-06-15 09:02:39','2025-06-15 09:02:39'),(370,125,'OW','2025-06-15 09:02:39','2025-06-15 09:02:39'),(371,125,'RS','2025-06-15 09:02:39','2025-06-15 09:02:39'),(372,125,'CH','2025-06-15 09:02:39','2025-06-15 09:02:39'),(373,128,'W','2025-06-15 09:02:39','2025-06-15 09:02:39'),(374,128,'OW','2025-06-15 09:02:39','2025-06-15 09:02:39'),(375,128,'LS','2025-06-15 09:02:39','2025-06-15 09:02:39'),(376,128,'CH','2025-06-15 09:02:39','2025-06-15 09:02:39'),(377,129,'OW','2025-06-15 09:02:39','2025-06-15 09:02:39'),(378,129,'LS','2025-06-15 09:02:39','2025-06-15 09:02:39'),(379,129,'CH','2025-06-15 09:02:39','2025-06-15 09:02:39'),(380,129,'9','2025-06-15 09:02:39','2025-06-15 09:02:39'),(381,130,'A','2025-06-15 09:02:39','2025-06-15 09:02:39'),(382,130,'OW','2025-06-15 09:02:39','2025-06-15 09:02:39'),(383,130,'LS','2025-06-15 09:02:39','2025-06-15 09:02:39'),(384,130,'CH','2025-06-15 09:02:39','2025-06-15 09:02:39'),(385,132,'A','2025-06-15 09:02:39','2025-06-15 09:02:39'),(386,132,'OW','2025-06-15 09:02:39','2025-06-15 09:02:39'),(387,132,'RS','2025-06-15 09:02:39','2025-06-15 09:02:39'),(388,132,'CH','2025-06-15 09:02:39','2025-06-15 09:02:39'),(389,133,'OW','2025-06-15 09:02:39','2025-06-15 09:02:39'),(390,133,'RS','2025-06-15 09:02:39','2025-06-15 09:02:39'),(391,133,'CH','2025-06-15 09:02:39','2025-06-15 09:02:39'),(392,133,'9','2025-06-15 09:02:39','2025-06-15 09:02:39'),(393,134,'W','2025-06-15 09:02:39','2025-06-15 09:02:39'),(394,134,'OW','2025-06-15 09:02:39','2025-06-15 09:02:39'),(395,134,'RS','2025-06-15 09:02:39','2025-06-15 09:02:39'),(396,134,'CH','2025-06-15 09:02:39','2025-06-15 09:02:39'),(397,137,'W','2025-06-15 09:02:39','2025-06-15 09:02:39'),(398,137,'LS','2025-06-15 09:02:39','2025-06-15 09:02:39'),(399,137,'CH','2025-06-15 09:02:39','2025-06-15 09:02:39'),(400,138,'LS','2025-06-15 09:02:39','2025-06-15 09:02:39'),(401,138,'CH','2025-06-15 09:02:39','2025-06-15 09:02:39'),(402,138,'9','2025-06-15 09:02:39','2025-06-15 09:02:39'),(403,139,'A','2025-06-15 09:02:39','2025-06-15 09:02:39'),(404,139,'LS','2025-06-15 09:02:39','2025-06-15 09:02:39'),(405,139,'CH','2025-06-15 09:02:39','2025-06-15 09:02:39'),(406,141,'A','2025-06-15 09:02:39','2025-06-15 09:02:39'),(407,141,'RS','2025-06-15 09:02:39','2025-06-15 09:02:39'),(408,141,'CH','2025-06-15 09:02:39','2025-06-15 09:02:39'),(409,142,'RS','2025-06-15 09:02:39','2025-06-15 09:02:39'),(410,142,'CH','2025-06-15 09:02:39','2025-06-15 09:02:39'),(411,142,'9','2025-06-15 09:02:39','2025-06-15 09:02:39'),(412,143,'W','2025-06-15 09:02:39','2025-06-15 09:02:39'),(413,143,'RS','2025-06-15 09:02:39','2025-06-15 09:02:39'),(414,143,'CH','2025-06-15 09:02:39','2025-06-15 09:02:39'),(415,146,'W','2025-06-15 09:02:39','2025-06-15 09:02:39'),(416,146,'LS','2025-06-15 09:02:39','2025-06-15 09:02:39'),(417,146,'CH','2025-06-15 09:02:39','2025-06-15 09:02:39'),(418,147,'LS','2025-06-15 09:02:39','2025-06-15 09:02:39'),(419,147,'CH','2025-06-15 09:02:39','2025-06-15 09:02:39'),(420,147,'9','2025-06-15 09:02:39','2025-06-15 09:02:39'),(421,148,'A','2025-06-15 09:02:39','2025-06-15 09:02:39'),(422,148,'LS','2025-06-15 09:02:39','2025-06-15 09:02:39'),(423,148,'CH','2025-06-15 09:02:39','2025-06-15 09:02:39'),(424,150,'A','2025-06-15 09:02:39','2025-06-15 09:02:39'),(425,150,'RS','2025-06-15 09:02:39','2025-06-15 09:02:39'),(426,150,'CH','2025-06-15 09:02:39','2025-06-15 09:02:39'),(427,151,'RS','2025-06-15 09:02:39','2025-06-15 09:02:39'),(428,151,'CH','2025-06-15 09:02:39','2025-06-15 09:02:39'),(429,151,'9','2025-06-15 09:02:39','2025-06-15 09:02:39'),(430,152,'W','2025-06-15 09:02:39','2025-06-15 09:02:39'),(431,152,'RS','2025-06-15 09:02:39','2025-06-15 09:02:39'),(432,152,'CH','2025-06-15 09:02:39','2025-06-15 09:02:39'),(433,155,'W','2025-06-15 09:02:39','2025-06-15 09:02:39'),(434,155,'LS','2025-06-15 09:02:39','2025-06-15 09:02:39'),(435,155,'CH','2025-06-15 09:02:39','2025-06-15 09:02:39'),(436,156,'LS','2025-06-15 09:02:39','2025-06-15 09:02:39'),(437,156,'CH','2025-06-15 09:02:39','2025-06-15 09:02:39'),(438,156,'9','2025-06-15 09:02:39','2025-06-15 09:02:39'),(439,157,'A','2025-06-15 09:02:39','2025-06-15 09:02:39'),(440,157,'LS','2025-06-15 09:02:39','2025-06-15 09:02:39'),(441,157,'CH','2025-06-15 09:02:39','2025-06-15 09:02:39'),(442,159,'A','2025-06-15 09:02:40','2025-06-15 09:02:40'),(443,159,'RS','2025-06-15 09:02:40','2025-06-15 09:02:40'),(444,159,'CH','2025-06-15 09:02:40','2025-06-15 09:02:40'),(445,160,'RS','2025-06-15 09:02:40','2025-06-15 09:02:40'),(446,160,'CH','2025-06-15 09:02:40','2025-06-15 09:02:40'),(447,160,'9','2025-06-15 09:02:40','2025-06-15 09:02:40'),(448,161,'W','2025-06-15 09:02:40','2025-06-15 09:02:40'),(449,161,'RS','2025-06-15 09:02:40','2025-06-15 09:02:40'),(450,161,'CH','2025-06-15 09:02:40','2025-06-15 09:02:40'),(451,164,'W','2025-06-15 09:02:40','2025-06-15 09:02:40'),(452,164,'LS','2025-06-15 09:02:40','2025-06-15 09:02:40'),(453,164,'CH','2025-06-15 09:02:40','2025-06-15 09:02:40'),(454,165,'LS','2025-06-15 09:02:40','2025-06-15 09:02:40'),(455,165,'CH','2025-06-15 09:02:40','2025-06-15 09:02:40'),(456,165,'9','2025-06-15 09:02:40','2025-06-15 09:02:40'),(457,166,'A','2025-06-15 09:02:40','2025-06-15 09:02:40'),(458,166,'LS','2025-06-15 09:02:40','2025-06-15 09:02:40'),(459,166,'CH','2025-06-15 09:02:40','2025-06-15 09:02:40'),(460,168,'A','2025-06-15 09:02:40','2025-06-15 09:02:40'),(461,168,'RS','2025-06-15 09:02:40','2025-06-15 09:02:40'),(462,168,'CH','2025-06-15 09:02:40','2025-06-15 09:02:40'),(463,169,'RS','2025-06-15 09:02:40','2025-06-15 09:02:40'),(464,169,'CH','2025-06-15 09:02:40','2025-06-15 09:02:40'),(465,169,'9','2025-06-15 09:02:40','2025-06-15 09:02:40'),(466,170,'W','2025-06-15 09:02:40','2025-06-15 09:02:40'),(467,170,'RS','2025-06-15 09:02:40','2025-06-15 09:02:40'),(468,170,'CH','2025-06-15 09:02:40','2025-06-15 09:02:40'),(469,173,'W','2025-06-15 09:02:40','2025-06-15 09:02:40'),(470,173,'LS','2025-06-15 09:02:40','2025-06-15 09:02:40'),(471,173,'CH','2025-06-15 09:02:40','2025-06-15 09:02:40'),(472,174,'LS','2025-06-15 09:02:40','2025-06-15 09:02:40'),(473,174,'CH','2025-06-15 09:02:40','2025-06-15 09:02:40'),(474,174,'9','2025-06-15 09:02:40','2025-06-15 09:02:40'),(475,175,'A','2025-06-15 09:02:40','2025-06-15 09:02:40'),(476,175,'LS','2025-06-15 09:02:40','2025-06-15 09:02:40'),(477,175,'CH','2025-06-15 09:02:40','2025-06-15 09:02:40'),(478,177,'A','2025-06-15 09:02:40','2025-06-15 09:02:40'),(479,177,'RS','2025-06-15 09:02:40','2025-06-15 09:02:40'),(480,177,'CH','2025-06-15 09:02:40','2025-06-15 09:02:40'),(481,178,'RS','2025-06-15 09:02:40','2025-06-15 09:02:40'),(482,178,'CH','2025-06-15 09:02:40','2025-06-15 09:02:40'),(483,178,'9','2025-06-15 09:02:40','2025-06-15 09:02:40'),(484,179,'W','2025-06-15 09:02:40','2025-06-15 09:02:40'),(485,179,'RS','2025-06-15 09:02:40','2025-06-15 09:02:40'),(486,179,'CH','2025-06-15 09:02:40','2025-06-15 09:02:40'),(487,182,'W','2025-06-15 09:02:40','2025-06-15 09:02:40'),(488,182,'LS','2025-06-15 09:02:40','2025-06-15 09:02:40'),(489,182,'CH','2025-06-15 09:02:40','2025-06-15 09:02:40'),(490,183,'LS','2025-06-15 09:02:40','2025-06-15 09:02:40'),(491,183,'CH','2025-06-15 09:02:40','2025-06-15 09:02:40'),(492,183,'9','2025-06-15 09:02:40','2025-06-15 09:02:40'),(493,184,'A','2025-06-15 09:02:40','2025-06-15 09:02:40'),(494,184,'LS','2025-06-15 09:02:40','2025-06-15 09:02:40'),(495,184,'CH','2025-06-15 09:02:40','2025-06-15 09:02:40'),(496,186,'A','2025-06-15 09:02:40','2025-06-15 09:02:40'),(497,186,'RS','2025-06-15 09:02:40','2025-06-15 09:02:40'),(498,186,'CH','2025-06-15 09:02:40','2025-06-15 09:02:40'),(499,187,'RS','2025-06-15 09:02:40','2025-06-15 09:02:40'),(500,187,'CH','2025-06-15 09:02:40','2025-06-15 09:02:40'),(501,187,'9','2025-06-15 09:02:40','2025-06-15 09:02:40'),(502,188,'W','2025-06-15 09:02:40','2025-06-15 09:02:40'),(503,188,'RS','2025-06-15 09:02:40','2025-06-15 09:02:40'),(504,188,'CH','2025-06-15 09:02:40','2025-06-15 09:02:40'),(505,191,'W','2025-06-15 09:02:40','2025-06-15 09:02:40'),(506,191,'LS','2025-06-15 09:02:40','2025-06-15 09:02:40'),(507,191,'CH','2025-06-15 09:02:40','2025-06-15 09:02:40'),(508,192,'LS','2025-06-15 09:02:40','2025-06-15 09:02:40'),(509,192,'CH','2025-06-15 09:02:40','2025-06-15 09:02:40'),(510,192,'9','2025-06-15 09:02:40','2025-06-15 09:02:40'),(511,193,'A','2025-06-15 09:02:40','2025-06-15 09:02:40'),(512,193,'LS','2025-06-15 09:02:40','2025-06-15 09:02:40'),(513,193,'CH','2025-06-15 09:02:40','2025-06-15 09:02:40'),(514,195,'A','2025-06-15 09:02:40','2025-06-15 09:02:40'),(515,195,'RS','2025-06-15 09:02:40','2025-06-15 09:02:40'),(516,195,'CH','2025-06-15 09:02:40','2025-06-15 09:02:40'),(517,196,'RS','2025-06-15 09:02:40','2025-06-15 09:02:40'),(518,196,'CH','2025-06-15 09:02:40','2025-06-15 09:02:40'),(519,196,'9','2025-06-15 09:02:40','2025-06-15 09:02:40'),(520,197,'W','2025-06-15 09:02:40','2025-06-15 09:02:40'),(521,197,'RS','2025-06-15 09:02:40','2025-06-15 09:02:40'),(522,197,'CH','2025-06-15 09:02:40','2025-06-15 09:02:40'),(523,200,'W','2025-06-15 09:02:40','2025-06-15 09:02:40'),(524,200,'LS','2025-06-15 09:02:40','2025-06-15 09:02:40'),(525,200,'CH','2025-06-15 09:02:40','2025-06-15 09:02:40'),(526,201,'LS','2025-06-15 09:02:40','2025-06-15 09:02:40'),(527,201,'CH','2025-06-15 09:02:40','2025-06-15 09:02:40'),(528,201,'9','2025-06-15 09:02:40','2025-06-15 09:02:40'),(529,202,'A','2025-06-15 09:02:40','2025-06-15 09:02:40'),(530,202,'LS','2025-06-15 09:02:40','2025-06-15 09:02:40'),(531,202,'CH','2025-06-15 09:02:40','2025-06-15 09:02:40'),(532,204,'A','2025-06-15 09:02:40','2025-06-15 09:02:40'),(533,204,'RS','2025-06-15 09:02:40','2025-06-15 09:02:40'),(534,204,'CH','2025-06-15 09:02:40','2025-06-15 09:02:40'),(535,205,'RS','2025-06-15 09:02:40','2025-06-15 09:02:40'),(536,205,'CH','2025-06-15 09:02:40','2025-06-15 09:02:40'),(537,205,'9','2025-06-15 09:02:40','2025-06-15 09:02:40'),(538,206,'W','2025-06-15 09:02:40','2025-06-15 09:02:40'),(539,206,'RS','2025-06-15 09:02:40','2025-06-15 09:02:40'),(540,206,'CH','2025-06-15 09:02:40','2025-06-15 09:02:40'),(541,209,'W','2025-06-15 09:02:40','2025-06-15 09:02:40'),(542,209,'LS','2025-06-15 09:02:40','2025-06-15 09:02:40'),(543,209,'CH','2025-06-15 09:02:40','2025-06-15 09:02:40'),(544,210,'LS','2025-06-15 09:02:40','2025-06-15 09:02:40'),(545,210,'CH','2025-06-15 09:02:40','2025-06-15 09:02:40'),(546,210,'9','2025-06-15 09:02:40','2025-06-15 09:02:40'),(547,211,'A','2025-06-15 09:02:40','2025-06-15 09:02:40'),(548,211,'LS','2025-06-15 09:02:40','2025-06-15 09:02:40'),(549,211,'CH','2025-06-15 09:02:40','2025-06-15 09:02:40'),(550,213,'A','2025-06-15 09:02:40','2025-06-15 09:02:40'),(551,213,'RS','2025-06-15 09:02:40','2025-06-15 09:02:40'),(552,213,'CH','2025-06-15 09:02:40','2025-06-15 09:02:40'),(553,214,'RS','2025-06-15 09:02:40','2025-06-15 09:02:40'),(554,214,'CH','2025-06-15 09:02:40','2025-06-15 09:02:40'),(555,214,'9','2025-06-15 09:02:40','2025-06-15 09:02:40'),(556,215,'W','2025-06-15 09:02:40','2025-06-15 09:02:40'),(557,215,'RS','2025-06-15 09:02:40','2025-06-15 09:02:40'),(558,215,'CH','2025-06-15 09:02:40','2025-06-15 09:02:40'),(559,218,'W','2025-06-15 09:02:40','2025-06-15 09:02:40'),(560,218,'LS','2025-06-15 09:02:40','2025-06-15 09:02:40'),(561,218,'CH','2025-06-15 09:02:40','2025-06-15 09:02:40'),(562,219,'LS','2025-06-15 09:02:40','2025-06-15 09:02:40'),(563,219,'CH','2025-06-15 09:02:40','2025-06-15 09:02:40'),(564,219,'9','2025-06-15 09:02:40','2025-06-15 09:02:40'),(565,220,'A','2025-06-15 09:02:40','2025-06-15 09:02:40'),(566,220,'LS','2025-06-15 09:02:40','2025-06-15 09:02:40'),(567,220,'CH','2025-06-15 09:02:40','2025-06-15 09:02:40'),(568,222,'A','2025-06-15 09:02:40','2025-06-15 09:02:40'),(569,222,'RS','2025-06-15 09:02:40','2025-06-15 09:02:40'),(570,222,'CH','2025-06-15 09:02:40','2025-06-15 09:02:40'),(571,223,'RS','2025-06-15 09:02:40','2025-06-15 09:02:40'),(572,223,'CH','2025-06-15 09:02:40','2025-06-15 09:02:40'),(573,223,'9','2025-06-15 09:02:40','2025-06-15 09:02:40'),(574,224,'W','2025-06-15 09:02:40','2025-06-15 09:02:40'),(575,224,'RS','2025-06-15 09:02:40','2025-06-15 09:02:40'),(576,224,'CH','2025-06-15 09:02:40','2025-06-15 09:02:40'),(577,227,'W','2025-06-15 09:02:40','2025-06-15 09:02:40'),(578,227,'LS','2025-06-15 09:02:40','2025-06-15 09:02:40'),(579,227,'CH','2025-06-15 09:02:40','2025-06-15 09:02:40'),(580,227,'72','2025-06-15 09:02:40','2025-06-15 09:02:40'),(581,227,'V','2025-06-15 09:02:40','2025-06-15 09:02:40'),(582,228,'LS','2025-06-15 09:02:40','2025-06-15 09:02:40'),(583,228,'CH','2025-06-15 09:02:40','2025-06-15 09:02:40'),(584,228,'9','2025-06-15 09:02:40','2025-06-15 09:02:40'),(585,228,'72','2025-06-15 09:02:40','2025-06-15 09:02:40'),(586,228,'V','2025-06-15 09:02:40','2025-06-15 09:02:40'),(587,229,'A','2025-06-15 09:02:40','2025-06-15 09:02:40'),(588,229,'LS','2025-06-15 09:02:40','2025-06-15 09:02:40'),(589,229,'CH','2025-06-15 09:02:40','2025-06-15 09:02:40'),(590,229,'72','2025-06-15 09:02:40','2025-06-15 09:02:40'),(591,229,'V','2025-06-15 09:02:40','2025-06-15 09:02:40'),(592,231,'A','2025-06-15 09:02:40','2025-06-15 09:02:40'),(593,231,'RS','2025-06-15 09:02:40','2025-06-15 09:02:40'),(594,231,'CH','2025-06-15 09:02:40','2025-06-15 09:02:40'),(595,231,'72','2025-06-15 09:02:40','2025-06-15 09:02:40'),(596,231,'V','2025-06-15 09:02:40','2025-06-15 09:02:40'),(597,232,'RS','2025-06-15 09:02:40','2025-06-15 09:02:40'),(598,232,'CH','2025-06-15 09:02:40','2025-06-15 09:02:40'),(599,232,'9','2025-06-15 09:02:40','2025-06-15 09:02:40'),(600,232,'72','2025-06-15 09:02:40','2025-06-15 09:02:40'),(601,232,'V','2025-06-15 09:02:40','2025-06-15 09:02:40'),(602,233,'W','2025-06-15 09:02:40','2025-06-15 09:02:40'),(603,233,'RS','2025-06-15 09:02:40','2025-06-15 09:02:40'),(604,233,'CH','2025-06-15 09:02:40','2025-06-15 09:02:40'),(605,233,'72','2025-06-15 09:02:40','2025-06-15 09:02:40'),(606,233,'V','2025-06-15 09:02:40','2025-06-15 09:02:40');
/*!40000 ALTER TABLE `raw_seat_characteristics` ENABLE KEYS */;
UNLOCK TABLES;

--
-- Table structure for table `seat_characteristics`
--

DROP TABLE IF EXISTS `seat_characteristics`;
/*!40101 SET @saved_cs_client     = @@character_set_client */;
/*!50503 SET character_set_client = utf8mb4 */;
CREATE TABLE `seat_characteristics` (
  `id` int NOT NULL AUTO_INCREMENT,
  `seat_id` int DEFAULT NULL,
  `characteristic` varchar(50) DEFAULT NULL,
  `created_at` datetime DEFAULT CURRENT_TIMESTAMP,
  `updated_at` datetime DEFAULT CURRENT_TIMESTAMP ON UPDATE CURRENT_TIMESTAMP,
  PRIMARY KEY (`id`)
) ENGINE=InnoDB AUTO_INCREMENT=389 DEFAULT CHARSET=utf8mb4 COLLATE=utf8mb4_0900_ai_ci;
/*!40101 SET character_set_client = @saved_cs_client */;

--
-- Dumping data for table `seat_characteristics`
--

LOCK TABLES `seat_characteristics` WRITE;
/*!40000 ALTER TABLE `seat_characteristics` DISABLE KEYS */;
INSERT INTO `seat_characteristics` VALUES (1,1,'LEFT_SIDE','2025-06-15 09:02:38','2025-06-15 09:02:38'),(2,9,'RIGHT_SIDE','2025-06-15 09:02:38','2025-06-15 09:02:38'),(3,10,'LEFT_SIDE','2025-06-15 09:02:38','2025-06-15 09:02:38'),(4,11,'CH','2025-06-15 09:02:38','2025-06-15 09:02:38'),(5,11,'W','2025-06-15 09:02:38','2025-06-15 09:02:38'),(6,12,'CH','2025-06-15 09:02:38','2025-06-15 09:02:38'),(7,12,'9','2025-06-15 09:02:38','2025-06-15 09:02:38'),(8,13,'A','2025-06-15 09:02:38','2025-06-15 09:02:38'),(9,13,'CH','2025-06-15 09:02:38','2025-06-15 09:02:38'),(10,15,'A','2025-06-15 09:02:38','2025-06-15 09:02:38'),(11,15,'CH','2025-06-15 09:02:38','2025-06-15 09:02:38'),(12,16,'CH','2025-06-15 09:02:38','2025-06-15 09:02:38'),(13,16,'9','2025-06-15 09:02:38','2025-06-15 09:02:38'),(14,17,'CH','2025-06-15 09:02:38','2025-06-15 09:02:38'),(15,17,'W','2025-06-15 09:02:38','2025-06-15 09:02:38'),(16,18,'RIGHT_SIDE','2025-06-15 09:02:38','2025-06-15 09:02:38'),(17,19,'LEFT_SIDE','2025-06-15 09:02:38','2025-06-15 09:02:38'),(18,20,'CH','2025-06-15 09:02:38','2025-06-15 09:02:38'),(19,20,'W','2025-06-15 09:02:38','2025-06-15 09:02:38'),(20,21,'CH','2025-06-15 09:02:38','2025-06-15 09:02:38'),(21,21,'9','2025-06-15 09:02:38','2025-06-15 09:02:38'),(22,22,'A','2025-06-15 09:02:38','2025-06-15 09:02:38'),(23,22,'CH','2025-06-15 09:02:38','2025-06-15 09:02:38'),(24,24,'A','2025-06-15 09:02:38','2025-06-15 09:02:38'),(25,24,'CH','2025-06-15 09:02:38','2025-06-15 09:02:38'),(26,25,'CH','2025-06-15 09:02:38','2025-06-15 09:02:38'),(27,25,'9','2025-06-15 09:02:38','2025-06-15 09:02:38'),(28,26,'CH','2025-06-15 09:02:38','2025-06-15 09:02:38'),(29,26,'W','2025-06-15 09:02:38','2025-06-15 09:02:38'),(30,27,'RIGHT_SIDE','2025-06-15 09:02:38','2025-06-15 09:02:38'),(31,28,'LEFT_SIDE','2025-06-15 09:02:38','2025-06-15 09:02:38'),(32,29,'CH','2025-06-15 09:02:38','2025-06-15 09:02:38'),(33,29,'W','2025-06-15 09:02:38','2025-06-15 09:02:38'),(34,30,'CH','2025-06-15 09:02:38','2025-06-15 09:02:38'),(35,30,'9','2025-06-15 09:02:38','2025-06-15 09:02:38'),(36,31,'A','2025-06-15 09:02:38','2025-06-15 09:02:38'),(37,31,'CH','2025-06-15 09:02:38','2025-06-15 09:02:38'),(38,33,'A','2025-06-15 09:02:38','2025-06-15 09:02:38'),(39,33,'CH','2025-06-15 09:02:38','2025-06-15 09:02:38'),(40,34,'CH','2025-06-15 09:02:38','2025-06-15 09:02:38'),(41,34,'9','2025-06-15 09:02:38','2025-06-15 09:02:38'),(42,35,'CH','2025-06-15 09:02:38','2025-06-15 09:02:38'),(43,35,'W','2025-06-15 09:02:38','2025-06-15 09:02:38'),(44,36,'RIGHT_SIDE','2025-06-15 09:02:38','2025-06-15 09:02:38'),(45,37,'LEFT_SIDE','2025-06-15 09:02:38','2025-06-15 09:02:38'),(46,38,'CH','2025-06-15 09:02:38','2025-06-15 09:02:38'),(47,38,'W','2025-06-15 09:02:38','2025-06-15 09:02:38'),(48,39,'CH','2025-06-15 09:02:38','2025-06-15 09:02:38'),(49,39,'9','2025-06-15 09:02:38','2025-06-15 09:02:38'),(50,40,'A','2025-06-15 09:02:38','2025-06-15 09:02:38'),(51,40,'CH','2025-06-15 09:02:38','2025-06-15 09:02:38'),(52,42,'A','2025-06-15 09:02:38','2025-06-15 09:02:38'),(53,42,'CH','2025-06-15 09:02:38','2025-06-15 09:02:38'),(54,43,'CH','2025-06-15 09:02:38','2025-06-15 09:02:38'),(55,43,'9','2025-06-15 09:02:38','2025-06-15 09:02:38'),(56,44,'CH','2025-06-15 09:02:38','2025-06-15 09:02:38'),(57,44,'W','2025-06-15 09:02:38','2025-06-15 09:02:38'),(58,45,'RIGHT_SIDE','2025-06-15 09:02:38','2025-06-15 09:02:38'),(59,46,'LEFT_SIDE','2025-06-15 09:02:38','2025-06-15 09:02:38'),(60,47,'CH','2025-06-15 09:02:38','2025-06-15 09:02:38'),(61,47,'W','2025-06-15 09:02:38','2025-06-15 09:02:38'),(62,48,'CH','2025-06-15 09:02:38','2025-06-15 09:02:38'),(63,48,'9','2025-06-15 09:02:38','2025-06-15 09:02:38'),(64,49,'A','2025-06-15 09:02:38','2025-06-15 09:02:38'),(65,49,'CH','2025-06-15 09:02:38','2025-06-15 09:02:38'),(66,51,'A','2025-06-15 09:02:38','2025-06-15 09:02:38'),(67,51,'CH','2025-06-15 09:02:38','2025-06-15 09:02:38'),(68,52,'CH','2025-06-15 09:02:38','2025-06-15 09:02:38'),(69,52,'9','2025-06-15 09:02:38','2025-06-15 09:02:38'),(70,53,'CH','2025-06-15 09:02:38','2025-06-15 09:02:38'),(71,53,'W','2025-06-15 09:02:38','2025-06-15 09:02:38'),(72,54,'RIGHT_SIDE','2025-06-15 09:02:38','2025-06-15 09:02:38'),(73,55,'LEFT_SIDE','2025-06-15 09:02:38','2025-06-15 09:02:38'),(74,56,'CH','2025-06-15 09:02:38','2025-06-15 09:02:38'),(75,56,'W','2025-06-15 09:02:38','2025-06-15 09:02:38'),(76,57,'CH','2025-06-15 09:02:38','2025-06-15 09:02:38'),(77,57,'9','2025-06-15 09:02:38','2025-06-15 09:02:38'),(78,58,'A','2025-06-15 09:02:38','2025-06-15 09:02:38'),(79,58,'CH','2025-06-15 09:02:38','2025-06-15 09:02:38'),(80,60,'A','2025-06-15 09:02:38','2025-06-15 09:02:38'),(81,60,'CH','2025-06-15 09:02:38','2025-06-15 09:02:38'),(82,61,'CH','2025-06-15 09:02:38','2025-06-15 09:02:38'),(83,61,'9','2025-06-15 09:02:38','2025-06-15 09:02:38'),(84,62,'CH','2025-06-15 09:02:38','2025-06-15 09:02:38'),(85,62,'W','2025-06-15 09:02:38','2025-06-15 09:02:38'),(86,63,'RIGHT_SIDE','2025-06-15 09:02:38','2025-06-15 09:02:38'),(87,64,'WING_BEGIN','2025-06-15 09:02:38','2025-06-15 09:02:38'),(88,64,'LEFT_SIDE','2025-06-15 09:02:38','2025-06-15 09:02:38'),(89,65,'CH','2025-06-15 09:02:38','2025-06-15 09:02:38'),(90,65,'W','2025-06-15 09:02:38','2025-06-15 09:02:38'),(91,65,'WING_BEGIN','2025-06-15 09:02:38','2025-06-15 09:02:38'),(92,66,'CH','2025-06-15 09:02:39','2025-06-15 09:02:39'),(93,66,'9','2025-06-15 09:02:39','2025-06-15 09:02:39'),(94,66,'WING_BEGIN','2025-06-15 09:02:39','2025-06-15 09:02:39'),(95,67,'A','2025-06-15 09:02:39','2025-06-15 09:02:39'),(96,67,'CH','2025-06-15 09:02:39','2025-06-15 09:02:39'),(97,67,'WING_BEGIN','2025-06-15 09:02:39','2025-06-15 09:02:39'),(98,68,'WING_BEGIN','2025-06-15 09:02:39','2025-06-15 09:02:39'),(99,69,'A','2025-06-15 09:02:39','2025-06-15 09:02:39'),(100,69,'CH','2025-06-15 09:02:39','2025-06-15 09:02:39'),(101,69,'WING_BEGIN','2025-06-15 09:02:39','2025-06-15 09:02:39'),(102,70,'CH','2025-06-15 09:02:39','2025-06-15 09:02:39'),(103,70,'9','2025-06-15 09:02:39','2025-06-15 09:02:39'),(104,70,'WING_BEGIN','2025-06-15 09:02:39','2025-06-15 09:02:39'),(105,71,'CH','2025-06-15 09:02:39','2025-06-15 09:02:39'),(106,71,'W','2025-06-15 09:02:39','2025-06-15 09:02:39'),(107,71,'WING_BEGIN','2025-06-15 09:02:39','2025-06-15 09:02:39'),(108,72,'WING_BEGIN','2025-06-15 09:02:39','2025-06-15 09:02:39'),(109,72,'RIGHT_SIDE','2025-06-15 09:02:39','2025-06-15 09:02:39'),(110,73,'LEFT_SIDE','2025-06-15 09:02:39','2025-06-15 09:02:39'),(111,74,'CH','2025-06-15 09:02:39','2025-06-15 09:02:39'),(112,74,'W','2025-06-15 09:02:39','2025-06-15 09:02:39'),(113,75,'CH','2025-06-15 09:02:39','2025-06-15 09:02:39'),(114,75,'9','2025-06-15 09:02:39','2025-06-15 09:02:39'),(115,76,'A','2025-06-15 09:02:39','2025-06-15 09:02:39'),(116,76,'CH','2025-06-15 09:02:39','2025-06-15 09:02:39'),(117,78,'A','2025-06-15 09:02:39','2025-06-15 09:02:39'),(118,78,'CH','2025-06-15 09:02:39','2025-06-15 09:02:39'),(119,79,'CH','2025-06-15 09:02:39','2025-06-15 09:02:39'),(120,79,'9','2025-06-15 09:02:39','2025-06-15 09:02:39'),(121,80,'CH','2025-06-15 09:02:39','2025-06-15 09:02:39'),(122,80,'W','2025-06-15 09:02:39','2025-06-15 09:02:39'),(123,81,'RIGHT_SIDE','2025-06-15 09:02:39','2025-06-15 09:02:39'),(124,82,'EXIT','2025-06-15 09:02:39','2025-06-15 09:02:39'),(125,82,'LEFT_SIDE','2025-06-15 09:02:39','2025-06-15 09:02:39'),(126,83,'CH','2025-06-15 09:02:39','2025-06-15 09:02:39'),(127,83,'W','2025-06-15 09:02:39','2025-06-15 09:02:39'),(128,83,'EXIT','2025-06-15 09:02:39','2025-06-15 09:02:39'),(129,84,'CH','2025-06-15 09:02:39','2025-06-15 09:02:39'),(130,84,'9','2025-06-15 09:02:39','2025-06-15 09:02:39'),(131,84,'EXIT','2025-06-15 09:02:39','2025-06-15 09:02:39'),(132,85,'A','2025-06-15 09:02:39','2025-06-15 09:02:39'),(133,85,'CH','2025-06-15 09:02:39','2025-06-15 09:02:39'),(134,85,'EXIT','2025-06-15 09:02:39','2025-06-15 09:02:39'),(135,86,'EXIT','2025-06-15 09:02:39','2025-06-15 09:02:39'),(136,87,'A','2025-06-15 09:02:39','2025-06-15 09:02:39'),(137,87,'CH','2025-06-15 09:02:39','2025-06-15 09:02:39'),(138,87,'EXIT','2025-06-15 09:02:39','2025-06-15 09:02:39'),(139,88,'CH','2025-06-15 09:02:39','2025-06-15 09:02:39'),(140,88,'9','2025-06-15 09:02:39','2025-06-15 09:02:39'),(141,88,'EXIT','2025-06-15 09:02:39','2025-06-15 09:02:39'),(142,89,'CH','2025-06-15 09:02:39','2025-06-15 09:02:39'),(143,89,'W','2025-06-15 09:02:39','2025-06-15 09:02:39'),(144,89,'EXIT','2025-06-15 09:02:39','2025-06-15 09:02:39'),(145,90,'EXIT','2025-06-15 09:02:39','2025-06-15 09:02:39'),(146,90,'RIGHT_SIDE','2025-06-15 09:02:39','2025-06-15 09:02:39'),(147,91,'EXIT','2025-06-15 09:02:39','2025-06-15 09:02:39'),(148,91,'LEFT_SIDE','2025-06-15 09:02:39','2025-06-15 09:02:39'),(149,92,'CH','2025-06-15 09:02:39','2025-06-15 09:02:39'),(150,92,'W','2025-06-15 09:02:39','2025-06-15 09:02:39'),(151,92,'EXIT','2025-06-15 09:02:39','2025-06-15 09:02:39'),(152,93,'CH','2025-06-15 09:02:39','2025-06-15 09:02:39'),(153,93,'9','2025-06-15 09:02:39','2025-06-15 09:02:39'),(154,93,'EXIT','2025-06-15 09:02:39','2025-06-15 09:02:39'),(155,94,'A','2025-06-15 09:02:39','2025-06-15 09:02:39'),(156,94,'CH','2025-06-15 09:02:39','2025-06-15 09:02:39'),(157,94,'EXIT','2025-06-15 09:02:39','2025-06-15 09:02:39'),(158,95,'EXIT','2025-06-15 09:02:39','2025-06-15 09:02:39'),(159,96,'A','2025-06-15 09:02:39','2025-06-15 09:02:39'),(160,96,'CH','2025-06-15 09:02:39','2025-06-15 09:02:39'),(161,96,'EXIT','2025-06-15 09:02:39','2025-06-15 09:02:39'),(162,97,'CH','2025-06-15 09:02:39','2025-06-15 09:02:39'),(163,97,'9','2025-06-15 09:02:39','2025-06-15 09:02:39'),(164,97,'EXIT','2025-06-15 09:02:39','2025-06-15 09:02:39'),(165,98,'CH','2025-06-15 09:02:39','2025-06-15 09:02:39'),(166,98,'W','2025-06-15 09:02:39','2025-06-15 09:02:39'),(167,98,'EXIT','2025-06-15 09:02:39','2025-06-15 09:02:39'),(168,99,'EXIT','2025-06-15 09:02:39','2025-06-15 09:02:39'),(169,99,'RIGHT_SIDE','2025-06-15 09:02:39','2025-06-15 09:02:39'),(170,100,'LEFT_SIDE','2025-06-15 09:02:39','2025-06-15 09:02:39'),(171,101,'CH','2025-06-15 09:02:39','2025-06-15 09:02:39'),(172,101,'W','2025-06-15 09:02:39','2025-06-15 09:02:39'),(173,102,'CH','2025-06-15 09:02:39','2025-06-15 09:02:39'),(174,102,'9','2025-06-15 09:02:39','2025-06-15 09:02:39'),(175,103,'A','2025-06-15 09:02:39','2025-06-15 09:02:39'),(176,103,'CH','2025-06-15 09:02:39','2025-06-15 09:02:39'),(177,105,'A','2025-06-15 09:02:39','2025-06-15 09:02:39'),(178,105,'CH','2025-06-15 09:02:39','2025-06-15 09:02:39'),(179,106,'CH','2025-06-15 09:02:39','2025-06-15 09:02:39'),(180,106,'9','2025-06-15 09:02:39','2025-06-15 09:02:39'),(181,107,'CH','2025-06-15 09:02:39','2025-06-15 09:02:39'),(182,107,'W','2025-06-15 09:02:39','2025-06-15 09:02:39'),(183,108,'RIGHT_SIDE','2025-06-15 09:02:39','2025-06-15 09:02:39'),(184,109,'LEFT_SIDE','2025-06-15 09:02:39','2025-06-15 09:02:39'),(185,110,'CH','2025-06-15 09:02:39','2025-06-15 09:02:39'),(186,110,'W','2025-06-15 09:02:39','2025-06-15 09:02:39'),(187,111,'CH','2025-06-15 09:02:39','2025-06-15 09:02:39'),(188,111,'9','2025-06-15 09:02:39','2025-06-15 09:02:39'),(189,112,'A','2025-06-15 09:02:39','2025-06-15 09:02:39'),(190,112,'CH','2025-06-15 09:02:39','2025-06-15 09:02:39'),(191,114,'A','2025-06-15 09:02:39','2025-06-15 09:02:39'),(192,114,'CH','2025-06-15 09:02:39','2025-06-15 09:02:39'),(193,115,'CH','2025-06-15 09:02:39','2025-06-15 09:02:39'),(194,115,'9','2025-06-15 09:02:39','2025-06-15 09:02:39'),(195,116,'CH','2025-06-15 09:02:39','2025-06-15 09:02:39'),(196,116,'W','2025-06-15 09:02:39','2025-06-15 09:02:39'),(197,117,'RIGHT_SIDE','2025-06-15 09:02:39','2025-06-15 09:02:39'),(198,118,'LEFT_SIDE','2025-06-15 09:02:39','2025-06-15 09:02:39'),(199,119,'CH','2025-06-15 09:02:39','2025-06-15 09:02:39'),(200,119,'W','2025-06-15 09:02:39','2025-06-15 09:02:39'),(201,120,'CH','2025-06-15 09:02:39','2025-06-15 09:02:39'),(202,120,'9','2025-06-15 09:02:39','2025-06-15 09:02:39'),(203,121,'A','2025-06-15 09:02:39','2025-06-15 09:02:39'),(204,121,'CH','2025-06-15 09:02:39','2025-06-15 09:02:39'),(205,123,'A','2025-06-15 09:02:39','2025-06-15 09:02:39'),(206,123,'CH','2025-06-15 09:02:39','2025-06-15 09:02:39'),(207,124,'CH','2025-06-15 09:02:39','2025-06-15 09:02:39'),(208,124,'9','2025-06-15 09:02:39','2025-06-15 09:02:39'),(209,125,'CH','2025-06-15 09:02:39','2025-06-15 09:02:39'),(210,125,'W','2025-06-15 09:02:39','2025-06-15 09:02:39'),(211,126,'RIGHT_SIDE','2025-06-15 09:02:39','2025-06-15 09:02:39'),(212,127,'LEFT_SIDE','2025-06-15 09:02:39','2025-06-15 09:02:39'),(213,127,'WING_END','2025-06-15 09:02:39','2025-06-15 09:02:39'),(214,128,'CH','2025-06-15 09:02:39','2025-06-15 09:02:39'),(215,128,'W','2025-06-15 09:02:39','2025-06-15 09:02:39'),(216,128,'WING_END','2025-06-15 09:02:39','2025-06-15 09:02:39'),(217,129,'CH','2025-06-15 09:02:39','2025-06-15 09:02:39'),(218,129,'9','2025-06-15 09:02:39','2025-06-15 09:02:39'),(219,129,'WING_END','2025-06-15 09:02:39','2025-06-15 09:02:39'),(220,130,'A','2025-06-15 09:02:39','2025-06-15 09:02:39'),(221,130,'CH','2025-06-15 09:02:39','2025-06-15 09:02:39'),(222,130,'WING_END','2025-06-15 09:02:39','2025-06-15 09:02:39'),(223,131,'WING_END','2025-06-15 09:02:39','2025-06-15 09:02:39'),(224,132,'A','2025-06-15 09:02:39','2025-06-15 09:02:39'),(225,132,'CH','2025-06-15 09:02:39','2025-06-15 09:02:39'),(226,132,'WING_END','2025-06-15 09:02:39','2025-06-15 09:02:39'),(227,133,'CH','2025-06-15 09:02:39','2025-06-15 09:02:39'),(228,133,'9','2025-06-15 09:02:39','2025-06-15 09:02:39'),(229,133,'WING_END','2025-06-15 09:02:39','2025-06-15 09:02:39'),(230,134,'CH','2025-06-15 09:02:39','2025-06-15 09:02:39'),(231,134,'W','2025-06-15 09:02:39','2025-06-15 09:02:39'),(232,134,'WING_END','2025-06-15 09:02:39','2025-06-15 09:02:39'),(233,135,'RIGHT_SIDE','2025-06-15 09:02:39','2025-06-15 09:02:39'),(234,135,'WING_END','2025-06-15 09:02:39','2025-06-15 09:02:39'),(235,136,'LEFT_SIDE','2025-06-15 09:02:39','2025-06-15 09:02:39'),(236,137,'CH','2025-06-15 09:02:39','2025-06-15 09:02:39'),(237,137,'W','2025-06-15 09:02:39','2025-06-15 09:02:39'),(238,138,'CH','2025-06-15 09:02:39','2025-06-15 09:02:39'),(239,138,'9','2025-06-15 09:02:39','2025-06-15 09:02:39'),(240,139,'A','2025-06-15 09:02:39','2025-06-15 09:02:39'),(241,139,'CH','2025-06-15 09:02:39','2025-06-15 09:02:39'),(242,141,'A','2025-06-15 09:02:39','2025-06-15 09:02:39'),(243,141,'CH','2025-06-15 09:02:39','2025-06-15 09:02:39'),(244,142,'CH','2025-06-15 09:02:39','2025-06-15 09:02:39'),(245,142,'9','2025-06-15 09:02:39','2025-06-15 09:02:39'),(246,143,'CH','2025-06-15 09:02:39','2025-06-15 09:02:39'),(247,143,'W','2025-06-15 09:02:39','2025-06-15 09:02:39'),(248,144,'RIGHT_SIDE','2025-06-15 09:02:39','2025-06-15 09:02:39'),(249,145,'LEFT_SIDE','2025-06-15 09:02:39','2025-06-15 09:02:39'),(250,146,'CH','2025-06-15 09:02:39','2025-06-15 09:02:39'),(251,146,'W','2025-06-15 09:02:39','2025-06-15 09:02:39'),(252,147,'CH','2025-06-15 09:02:39','2025-06-15 09:02:39'),(253,147,'9','2025-06-15 09:02:39','2025-06-15 09:02:39'),(254,148,'A','2025-06-15 09:02:39','2025-06-15 09:02:39'),(255,148,'CH','2025-06-15 09:02:39','2025-06-15 09:02:39'),(256,150,'A','2025-06-15 09:02:39','2025-06-15 09:02:39'),(257,150,'CH','2025-06-15 09:02:39','2025-06-15 09:02:39'),(258,151,'CH','2025-06-15 09:02:39','2025-06-15 09:02:39'),(259,151,'9','2025-06-15 09:02:39','2025-06-15 09:02:39'),(260,152,'CH','2025-06-15 09:02:39','2025-06-15 09:02:39'),(261,152,'W','2025-06-15 09:02:39','2025-06-15 09:02:39'),(262,153,'RIGHT_SIDE','2025-06-15 09:02:39','2025-06-15 09:02:39'),(263,154,'LEFT_SIDE','2025-06-15 09:02:39','2025-06-15 09:02:39'),(264,155,'CH','2025-06-15 09:02:39','2025-06-15 09:02:39'),(265,155,'W','2025-06-15 09:02:39','2025-06-15 09:02:39'),(266,156,'CH','2025-06-15 09:02:39','2025-06-15 09:02:39'),(267,156,'9','2025-06-15 09:02:39','2025-06-15 09:02:39'),(268,157,'A','2025-06-15 09:02:39','2025-06-15 09:02:39'),(269,157,'CH','2025-06-15 09:02:39','2025-06-15 09:02:39'),(270,159,'A','2025-06-15 09:02:39','2025-06-15 09:02:39'),(271,159,'CH','2025-06-15 09:02:40','2025-06-15 09:02:40'),(272,160,'CH','2025-06-15 09:02:40','2025-06-15 09:02:40'),(273,160,'9','2025-06-15 09:02:40','2025-06-15 09:02:40'),(274,161,'CH','2025-06-15 09:02:40','2025-06-15 09:02:40'),(275,161,'W','2025-06-15 09:02:40','2025-06-15 09:02:40'),(276,162,'RIGHT_SIDE','2025-06-15 09:02:40','2025-06-15 09:02:40'),(277,163,'LEFT_SIDE','2025-06-15 09:02:40','2025-06-15 09:02:40'),(278,164,'CH','2025-06-15 09:02:40','2025-06-15 09:02:40'),(279,164,'W','2025-06-15 09:02:40','2025-06-15 09:02:40'),(280,165,'CH','2025-06-15 09:02:40','2025-06-15 09:02:40'),(281,165,'9','2025-06-15 09:02:40','2025-06-15 09:02:40'),(282,166,'A','2025-06-15 09:02:40','2025-06-15 09:02:40'),(283,166,'CH','2025-06-15 09:02:40','2025-06-15 09:02:40'),(284,168,'A','2025-06-15 09:02:40','2025-06-15 09:02:40'),(285,168,'CH','2025-06-15 09:02:40','2025-06-15 09:02:40'),(286,169,'CH','2025-06-15 09:02:40','2025-06-15 09:02:40'),(287,169,'9','2025-06-15 09:02:40','2025-06-15 09:02:40'),(288,170,'CH','2025-06-15 09:02:40','2025-06-15 09:02:40'),(289,170,'W','2025-06-15 09:02:40','2025-06-15 09:02:40'),(290,171,'RIGHT_SIDE','2025-06-15 09:02:40','2025-06-15 09:02:40'),(291,172,'LEFT_SIDE','2025-06-15 09:02:40','2025-06-15 09:02:40'),(292,173,'CH','2025-06-15 09:02:40','2025-06-15 09:02:40'),(293,173,'W','2025-06-15 09:02:40','2025-06-15 09:02:40'),(294,174,'CH','2025-06-15 09:02:40','2025-06-15 09:02:40'),(295,174,'9','2025-06-15 09:02:40','2025-06-15 09:02:40'),(296,175,'A','2025-06-15 09:02:40','2025-06-15 09:02:40'),(297,175,'CH','2025-06-15 09:02:40','2025-06-15 09:02:40'),(298,177,'A','2025-06-15 09:02:40','2025-06-15 09:02:40'),(299,177,'CH','2025-06-15 09:02:40','2025-06-15 09:02:40'),(300,178,'CH','2025-06-15 09:02:40','2025-06-15 09:02:40'),(301,178,'9','2025-06-15 09:02:40','2025-06-15 09:02:40'),(302,179,'CH','2025-06-15 09:02:40','2025-06-15 09:02:40'),(303,179,'W','2025-06-15 09:02:40','2025-06-15 09:02:40'),(304,180,'RIGHT_SIDE','2025-06-15 09:02:40','2025-06-15 09:02:40'),(305,181,'LEFT_SIDE','2025-06-15 09:02:40','2025-06-15 09:02:40'),(306,182,'CH','2025-06-15 09:02:40','2025-06-15 09:02:40'),(307,182,'W','2025-06-15 09:02:40','2025-06-15 09:02:40'),(308,183,'CH','2025-06-15 09:02:40','2025-06-15 09:02:40'),(309,183,'9','2025-06-15 09:02:40','2025-06-15 09:02:40'),(310,184,'A','2025-06-15 09:02:40','2025-06-15 09:02:40'),(311,184,'CH','2025-06-15 09:02:40','2025-06-15 09:02:40'),(312,186,'A','2025-06-15 09:02:40','2025-06-15 09:02:40'),(313,186,'CH','2025-06-15 09:02:40','2025-06-15 09:02:40'),(314,187,'CH','2025-06-15 09:02:40','2025-06-15 09:02:40'),(315,187,'9','2025-06-15 09:02:40','2025-06-15 09:02:40'),(316,188,'CH','2025-06-15 09:02:40','2025-06-15 09:02:40'),(317,188,'W','2025-06-15 09:02:40','2025-06-15 09:02:40'),(318,189,'RIGHT_SIDE','2025-06-15 09:02:40','2025-06-15 09:02:40'),(319,190,'LEFT_SIDE','2025-06-15 09:02:40','2025-06-15 09:02:40'),(320,191,'CH','2025-06-15 09:02:40','2025-06-15 09:02:40'),(321,191,'W','2025-06-15 09:02:40','2025-06-15 09:02:40'),(322,192,'CH','2025-06-15 09:02:40','2025-06-15 09:02:40'),(323,192,'9','2025-06-15 09:02:40','2025-06-15 09:02:40'),(324,193,'A','2025-06-15 09:02:40','2025-06-15 09:02:40'),(325,193,'CH','2025-06-15 09:02:40','2025-06-15 09:02:40'),(326,195,'A','2025-06-15 09:02:40','2025-06-15 09:02:40'),(327,195,'CH','2025-06-15 09:02:40','2025-06-15 09:02:40'),(328,196,'CH','2025-06-15 09:02:40','2025-06-15 09:02:40'),(329,196,'9','2025-06-15 09:02:40','2025-06-15 09:02:40'),(330,197,'CH','2025-06-15 09:02:40','2025-06-15 09:02:40'),(331,197,'W','2025-06-15 09:02:40','2025-06-15 09:02:40'),(332,198,'RIGHT_SIDE','2025-06-15 09:02:40','2025-06-15 09:02:40'),(333,199,'LEFT_SIDE','2025-06-15 09:02:40','2025-06-15 09:02:40'),(334,200,'CH','2025-06-15 09:02:40','2025-06-15 09:02:40'),(335,200,'W','2025-06-15 09:02:40','2025-06-15 09:02:40'),(336,201,'CH','2025-06-15 09:02:40','2025-06-15 09:02:40'),(337,201,'9','2025-06-15 09:02:40','2025-06-15 09:02:40'),(338,202,'A','2025-06-15 09:02:40','2025-06-15 09:02:40'),(339,202,'CH','2025-06-15 09:02:40','2025-06-15 09:02:40'),(340,204,'A','2025-06-15 09:02:40','2025-06-15 09:02:40'),(341,204,'CH','2025-06-15 09:02:40','2025-06-15 09:02:40'),(342,205,'CH','2025-06-15 09:02:40','2025-06-15 09:02:40'),(343,205,'9','2025-06-15 09:02:40','2025-06-15 09:02:40'),(344,206,'CH','2025-06-15 09:02:40','2025-06-15 09:02:40'),(345,206,'W','2025-06-15 09:02:40','2025-06-15 09:02:40'),(346,207,'RIGHT_SIDE','2025-06-15 09:02:40','2025-06-15 09:02:40'),(347,208,'LEFT_SIDE','2025-06-15 09:02:40','2025-06-15 09:02:40'),(348,209,'CH','2025-06-15 09:02:40','2025-06-15 09:02:40'),(349,209,'W','2025-06-15 09:02:40','2025-06-15 09:02:40'),(350,210,'CH','2025-06-15 09:02:40','2025-06-15 09:02:40'),(351,210,'9','2025-06-15 09:02:40','2025-06-15 09:02:40'),(352,211,'A','2025-06-15 09:02:40','2025-06-15 09:02:40'),(353,211,'CH','2025-06-15 09:02:40','2025-06-15 09:02:40'),(354,213,'A','2025-06-15 09:02:40','2025-06-15 09:02:40'),(355,213,'CH','2025-06-15 09:02:40','2025-06-15 09:02:40'),(356,214,'CH','2025-06-15 09:02:40','2025-06-15 09:02:40'),(357,214,'9','2025-06-15 09:02:40','2025-06-15 09:02:40'),(358,215,'CH','2025-06-15 09:02:40','2025-06-15 09:02:40'),(359,215,'W','2025-06-15 09:02:40','2025-06-15 09:02:40'),(360,216,'RIGHT_SIDE','2025-06-15 09:02:40','2025-06-15 09:02:40'),(361,217,'LEFT_SIDE','2025-06-15 09:02:40','2025-06-15 09:02:40'),(362,218,'CH','2025-06-15 09:02:40','2025-06-15 09:02:40'),(363,218,'W','2025-06-15 09:02:40','2025-06-15 09:02:40'),(364,219,'CH','2025-06-15 09:02:40','2025-06-15 09:02:40'),(365,219,'9','2025-06-15 09:02:40','2025-06-15 09:02:40'),(366,220,'A','2025-06-15 09:02:40','2025-06-15 09:02:40'),(367,220,'CH','2025-06-15 09:02:40','2025-06-15 09:02:40'),(368,222,'A','2025-06-15 09:02:40','2025-06-15 09:02:40'),(369,222,'CH','2025-06-15 09:02:40','2025-06-15 09:02:40'),(370,223,'CH','2025-06-15 09:02:40','2025-06-15 09:02:40'),(371,223,'9','2025-06-15 09:02:40','2025-06-15 09:02:40'),(372,224,'CH','2025-06-15 09:02:40','2025-06-15 09:02:40'),(373,224,'W','2025-06-15 09:02:40','2025-06-15 09:02:40'),(374,225,'RIGHT_SIDE','2025-06-15 09:02:40','2025-06-15 09:02:40'),(375,226,'LEFT_SIDE','2025-06-15 09:02:40','2025-06-15 09:02:40'),(376,227,'CH','2025-06-15 09:02:40','2025-06-15 09:02:40'),(377,227,'W','2025-06-15 09:02:40','2025-06-15 09:02:40'),(378,228,'CH','2025-06-15 09:02:40','2025-06-15 09:02:40'),(379,228,'9','2025-06-15 09:02:40','2025-06-15 09:02:40'),(380,229,'A','2025-06-15 09:02:40','2025-06-15 09:02:40'),(381,229,'CH','2025-06-15 09:02:40','2025-06-15 09:02:40'),(382,231,'A','2025-06-15 09:02:40','2025-06-15 09:02:40'),(383,231,'CH','2025-06-15 09:02:40','2025-06-15 09:02:40'),(384,232,'CH','2025-06-15 09:02:40','2025-06-15 09:02:40'),(385,232,'9','2025-06-15 09:02:40','2025-06-15 09:02:40'),(386,233,'CH','2025-06-15 09:02:40','2025-06-15 09:02:40'),(387,233,'W','2025-06-15 09:02:40','2025-06-15 09:02:40'),(388,234,'RIGHT_SIDE','2025-06-15 09:02:40','2025-06-15 09:02:40');
/*!40000 ALTER TABLE `seat_characteristics` ENABLE KEYS */;
UNLOCK TABLES;

--
-- Table structure for table `seat_columns`
--

DROP TABLE IF EXISTS `seat_columns`;
/*!40101 SET @saved_cs_client     = @@character_set_client */;
/*!50503 SET character_set_client = utf8mb4 */;
CREATE TABLE `seat_columns` (
  `id` int NOT NULL AUTO_INCREMENT,
  `cabin_id` int DEFAULT NULL,
  `column_code` varchar(20) DEFAULT NULL,
  `created_at` datetime DEFAULT CURRENT_TIMESTAMP,
  `updated_at` datetime DEFAULT CURRENT_TIMESTAMP ON UPDATE CURRENT_TIMESTAMP,
  PRIMARY KEY (`id`)
) ENGINE=InnoDB AUTO_INCREMENT=10 DEFAULT CHARSET=utf8mb4 COLLATE=utf8mb4_0900_ai_ci;
/*!40101 SET character_set_client = @saved_cs_client */;

--
-- Dumping data for table `seat_columns`
--

LOCK TABLES `seat_columns` WRITE;
/*!40000 ALTER TABLE `seat_columns` DISABLE KEYS */;
INSERT INTO `seat_columns` VALUES (1,1,'LEFT_SIDE','2025-06-15 06:37:23','2025-06-15 06:37:23'),(2,1,'A','2025-06-15 06:37:23','2025-06-15 06:37:23'),(3,1,'B','2025-06-15 06:37:23','2025-06-15 06:37:23'),(4,1,'C','2025-06-15 06:37:23','2025-06-15 06:37:23'),(5,1,'AISLE','2025-06-15 06:37:23','2025-06-15 06:37:23'),(6,1,'D','2025-06-15 06:37:23','2025-06-15 06:37:23'),(7,1,'E','2025-06-15 06:37:23','2025-06-15 06:37:23'),(8,1,'F','2025-06-15 06:37:23','2025-06-15 06:37:23'),(9,1,'RIGHT_SIDE','2025-06-15 06:37:23','2025-06-15 06:37:23');
/*!40000 ALTER TABLE `seat_columns` ENABLE KEYS */;
UNLOCK TABLES;

--
-- Table structure for table `seat_prices`
--

DROP TABLE IF EXISTS `seat_prices`;
/*!40101 SET @saved_cs_client     = @@character_set_client */;
/*!50503 SET character_set_client = utf8mb4 */;
CREATE TABLE `seat_prices` (
  `id` int NOT NULL AUTO_INCREMENT,
  `seat_id` int NOT NULL,
  `price_type` enum('price','tax','total') NOT NULL,
  `amount` decimal(10,2) NOT NULL,
  `currency` varchar(10) NOT NULL,
  `alternative_group` int DEFAULT '0',
  PRIMARY KEY (`id`)
) ENGINE=InnoDB AUTO_INCREMENT=451 DEFAULT CHARSET=utf8mb4 COLLATE=utf8mb4_0900_ai_ci;
/*!40101 SET character_set_client = @saved_cs_client */;

--
-- Dumping data for table `seat_prices`
--

LOCK TABLES `seat_prices` WRITE;
/*!40000 ALTER TABLE `seat_prices` DISABLE KEYS */;
INSERT INTO `seat_prices` VALUES (1,11,'price',50.98,'MYR',0),(2,11,'tax',0.00,'MYR',0),(3,11,'total',50.98,'MYR',0),(4,12,'price',51.34,'MYR',0),(5,12,'tax',0.00,'MYR',0),(6,12,'total',51.34,'MYR',0),(7,13,'price',52.86,'MYR',0),(8,13,'tax',0.00,'MYR',0),(9,13,'total',52.86,'MYR',0),(10,15,'price',44.70,'MYR',0),(11,15,'tax',0.00,'MYR',0),(12,15,'total',44.70,'MYR',0),(13,16,'price',51.95,'MYR',0),(14,16,'tax',0.00,'MYR',0),(15,16,'total',51.95,'MYR',0),(16,17,'price',37.33,'MYR',0),(17,17,'tax',0.00,'MYR',0),(18,17,'total',37.33,'MYR',0),(19,20,'price',45.11,'MYR',0),(20,20,'tax',0.00,'MYR',0),(21,20,'total',45.11,'MYR',0),(22,21,'price',51.12,'MYR',0),(23,21,'tax',0.00,'MYR',0),(24,21,'total',51.12,'MYR',0),(25,22,'price',44.69,'MYR',0),(26,22,'tax',0.00,'MYR',0),(27,22,'total',44.69,'MYR',0),(28,24,'price',42.44,'MYR',0),(29,24,'tax',0.00,'MYR',0),(30,24,'total',42.44,'MYR',0),(31,25,'price',45.15,'MYR',0),(32,25,'tax',0.00,'MYR',0),(33,25,'total',45.15,'MYR',0),(34,26,'price',50.85,'MYR',0),(35,26,'tax',0.00,'MYR',0),(36,26,'total',50.85,'MYR',0),(37,29,'price',43.86,'MYR',0),(38,29,'tax',0.00,'MYR',0),(39,29,'total',43.86,'MYR',0),(40,30,'price',44.67,'MYR',0),(41,30,'tax',0.00,'MYR',0),(42,30,'total',44.67,'MYR',0),(43,31,'price',38.70,'MYR',0),(44,31,'tax',0.00,'MYR',0),(45,31,'total',38.70,'MYR',0),(46,33,'price',44.03,'MYR',0),(47,33,'tax',0.00,'MYR',0),(48,33,'total',44.03,'MYR',0),(49,34,'price',37.77,'MYR',0),(50,34,'tax',0.00,'MYR',0),(51,34,'total',37.77,'MYR',0),(52,35,'price',42.45,'MYR',0),(53,35,'tax',0.00,'MYR',0),(54,35,'total',42.45,'MYR',0),(55,38,'price',43.82,'MYR',0),(56,38,'tax',0.00,'MYR',0),(57,38,'total',43.82,'MYR',0),(58,39,'price',36.75,'MYR',0),(59,39,'tax',0.00,'MYR',0),(60,39,'total',36.75,'MYR',0),(61,40,'price',43.89,'MYR',0),(62,40,'tax',0.00,'MYR',0),(63,40,'total',43.89,'MYR',0),(64,42,'price',49.60,'MYR',0),(65,42,'tax',0.00,'MYR',0),(66,42,'total',49.60,'MYR',0),(67,43,'price',47.95,'MYR',0),(68,43,'tax',0.00,'MYR',0),(69,43,'total',47.95,'MYR',0),(70,44,'price',41.95,'MYR',0),(71,44,'tax',0.00,'MYR',0),(72,44,'total',41.95,'MYR',0),(73,47,'price',42.02,'MYR',0),(74,47,'tax',0.00,'MYR',0),(75,47,'total',42.02,'MYR',0),(76,48,'price',36.61,'MYR',0),(77,48,'tax',0.00,'MYR',0),(78,48,'total',36.61,'MYR',0),(79,49,'price',46.97,'MYR',0),(80,49,'tax',0.00,'MYR',0),(81,49,'total',46.97,'MYR',0),(82,51,'price',54.46,'MYR',0),(83,51,'tax',0.00,'MYR',0),(84,51,'total',54.46,'MYR',0),(85,52,'price',49.02,'MYR',0),(86,52,'tax',0.00,'MYR',0),(87,52,'total',49.02,'MYR',0),(88,53,'price',39.01,'MYR',0),(89,53,'tax',0.00,'MYR',0),(90,53,'total',39.01,'MYR',0),(91,56,'price',47.15,'MYR',0),(92,56,'tax',0.00,'MYR',0),(93,56,'total',47.15,'MYR',0),(94,57,'price',35.12,'MYR',0),(95,57,'tax',0.00,'MYR',0),(96,57,'total',35.12,'MYR',0),(97,58,'price',42.59,'MYR',0),(98,58,'tax',0.00,'MYR',0),(99,58,'total',42.59,'MYR',0),(100,60,'price',44.85,'MYR',0),(101,60,'tax',0.00,'MYR',0),(102,60,'total',44.85,'MYR',0),(103,61,'price',41.02,'MYR',0),(104,61,'tax',0.00,'MYR',0),(105,61,'total',41.02,'MYR',0),(106,62,'price',47.27,'MYR',0),(107,62,'tax',0.00,'MYR',0),(108,62,'total',47.27,'MYR',0),(109,65,'price',52.66,'MYR',0),(110,65,'tax',0.00,'MYR',0),(111,65,'total',52.66,'MYR',0),(112,66,'price',52.90,'MYR',0),(113,66,'tax',0.00,'MYR',0),(114,66,'total',52.90,'MYR',0),(115,67,'price',39.40,'MYR',0),(116,67,'tax',0.00,'MYR',0),(117,67,'total',39.40,'MYR',0),(118,69,'price',47.29,'MYR',0),(119,69,'tax',0.00,'MYR',0),(120,69,'total',47.29,'MYR',0),(121,70,'price',38.72,'MYR',0),(122,70,'tax',0.00,'MYR',0),(123,70,'total',38.72,'MYR',0),(124,71,'price',42.32,'MYR',0),(125,71,'tax',0.00,'MYR',0),(126,71,'total',42.32,'MYR',0),(127,74,'price',54.63,'MYR',0),(128,74,'tax',0.00,'MYR',0),(129,74,'total',54.63,'MYR',0),(130,75,'price',38.96,'MYR',0),(131,75,'tax',0.00,'MYR',0),(132,75,'total',38.96,'MYR',0),(133,76,'price',39.23,'MYR',0),(134,76,'tax',0.00,'MYR',0),(135,76,'total',39.23,'MYR',0),(136,78,'price',45.14,'MYR',0),(137,78,'tax',0.00,'MYR',0),(138,78,'total',45.14,'MYR',0),(139,79,'price',53.84,'MYR',0),(140,79,'tax',0.00,'MYR',0),(141,79,'total',53.84,'MYR',0),(142,80,'price',49.45,'MYR',0),(143,80,'tax',0.00,'MYR',0),(144,80,'total',49.45,'MYR',0),(145,83,'price',52.55,'MYR',0),(146,83,'tax',0.00,'MYR',0),(147,83,'total',52.55,'MYR',0),(148,84,'price',52.29,'MYR',0),(149,84,'tax',0.00,'MYR',0),(150,84,'total',52.29,'MYR',0),(151,85,'price',48.57,'MYR',0),(152,85,'tax',0.00,'MYR',0),(153,85,'total',48.57,'MYR',0),(154,87,'price',43.71,'MYR',0),(155,87,'tax',0.00,'MYR',0),(156,87,'total',43.71,'MYR',0),(157,88,'price',42.74,'MYR',0),(158,88,'tax',0.00,'MYR',0),(159,88,'total',42.74,'MYR',0),(160,89,'price',53.80,'MYR',0),(161,89,'tax',0.00,'MYR',0),(162,89,'total',53.80,'MYR',0),(163,92,'price',44.36,'MYR',0),(164,92,'tax',0.00,'MYR',0),(165,92,'total',44.36,'MYR',0),(166,93,'price',51.39,'MYR',0),(167,93,'tax',0.00,'MYR',0),(168,93,'total',51.39,'MYR',0),(169,94,'price',53.90,'MYR',0),(170,94,'tax',0.00,'MYR',0),(171,94,'total',53.90,'MYR',0),(172,96,'price',35.32,'MYR',0),(173,96,'tax',0.00,'MYR',0),(174,96,'total',35.32,'MYR',0),(175,97,'price',51.40,'MYR',0),(176,97,'tax',0.00,'MYR',0),(177,97,'total',51.40,'MYR',0),(178,98,'price',54.95,'MYR',0),(179,98,'tax',0.00,'MYR',0),(180,98,'total',54.95,'MYR',0),(181,101,'price',40.06,'MYR',0),(182,101,'tax',0.00,'MYR',0),(183,101,'total',40.06,'MYR',0),(184,102,'price',43.87,'MYR',0),(185,102,'tax',0.00,'MYR',0),(186,102,'total',43.87,'MYR',0),(187,103,'price',50.02,'MYR',0),(188,103,'tax',0.00,'MYR',0),(189,103,'total',50.02,'MYR',0),(190,105,'price',41.44,'MYR',0),(191,105,'tax',0.00,'MYR',0),(192,105,'total',41.44,'MYR',0),(193,106,'price',36.73,'MYR',0),(194,106,'tax',0.00,'MYR',0),(195,106,'total',36.73,'MYR',0),(196,107,'price',48.43,'MYR',0),(197,107,'tax',0.00,'MYR',0),(198,107,'total',48.43,'MYR',0),(199,110,'price',50.32,'MYR',0),(200,110,'tax',0.00,'MYR',0),(201,110,'total',50.32,'MYR',0),(202,111,'price',48.43,'MYR',0),(203,111,'tax',0.00,'MYR',0),(204,111,'total',48.43,'MYR',0),(205,112,'price',53.35,'MYR',0),(206,112,'tax',0.00,'MYR',0),(207,112,'total',53.35,'MYR',0),(208,114,'price',45.78,'MYR',0),(209,114,'tax',0.00,'MYR',0),(210,114,'total',45.78,'MYR',0),(211,115,'price',46.54,'MYR',0),(212,115,'tax',0.00,'MYR',0),(213,115,'total',46.54,'MYR',0),(214,116,'price',47.77,'MYR',0),(215,116,'tax',0.00,'MYR',0),(216,116,'total',47.77,'MYR',0),(217,119,'price',38.77,'MYR',0),(218,119,'tax',0.00,'MYR',0),(219,119,'total',38.77,'MYR',0),(220,120,'price',42.31,'MYR',0),(221,120,'tax',0.00,'MYR',0),(222,120,'total',42.31,'MYR',0),(223,121,'price',40.93,'MYR',0),(224,121,'tax',0.00,'MYR',0),(225,121,'total',40.93,'MYR',0),(226,123,'price',36.49,'MYR',0),(227,123,'tax',0.00,'MYR',0),(228,123,'total',36.49,'MYR',0),(229,124,'price',44.40,'MYR',0),(230,124,'tax',0.00,'MYR',0),(231,124,'total',44.40,'MYR',0),(232,125,'price',45.63,'MYR',0),(233,125,'tax',0.00,'MYR',0),(234,125,'total',45.63,'MYR',0),(235,128,'price',49.91,'MYR',0),(236,128,'tax',0.00,'MYR',0),(237,128,'total',49.91,'MYR',0),(238,129,'price',35.22,'MYR',0),(239,129,'tax',0.00,'MYR',0),(240,129,'total',35.22,'MYR',0),(241,130,'price',41.08,'MYR',0),(242,130,'tax',0.00,'MYR',0),(243,130,'total',41.08,'MYR',0),(244,132,'price',47.10,'MYR',0),(245,132,'tax',0.00,'MYR',0),(246,132,'total',47.10,'MYR',0),(247,133,'price',44.39,'MYR',0),(248,133,'tax',0.00,'MYR',0),(249,133,'total',44.39,'MYR',0),(250,134,'price',41.07,'MYR',0),(251,134,'tax',0.00,'MYR',0),(252,134,'total',41.07,'MYR',0),(253,137,'price',35.41,'MYR',0),(254,137,'tax',0.00,'MYR',0),(255,137,'total',35.41,'MYR',0),(256,138,'price',36.19,'MYR',0),(257,138,'tax',0.00,'MYR',0),(258,138,'total',36.19,'MYR',0),(259,139,'price',37.78,'MYR',0),(260,139,'tax',0.00,'MYR',0),(261,139,'total',37.78,'MYR',0),(262,141,'price',49.60,'MYR',0),(263,141,'tax',0.00,'MYR',0),(264,141,'total',49.60,'MYR',0),(265,142,'price',48.65,'MYR',0),(266,142,'tax',0.00,'MYR',0),(267,142,'total',48.65,'MYR',0),(268,143,'price',40.77,'MYR',0),(269,143,'tax',0.00,'MYR',0),(270,143,'total',40.77,'MYR',0),(271,146,'price',39.88,'MYR',0),(272,146,'tax',0.00,'MYR',0),(273,146,'total',39.88,'MYR',0),(274,147,'price',38.67,'MYR',0),(275,147,'tax',0.00,'MYR',0),(276,147,'total',38.67,'MYR',0),(277,148,'price',46.39,'MYR',0),(278,148,'tax',0.00,'MYR',0),(279,148,'total',46.39,'MYR',0),(280,150,'price',49.34,'MYR',0),(281,150,'tax',0.00,'MYR',0),(282,150,'total',49.34,'MYR',0),(283,151,'price',35.93,'MYR',0),(284,151,'tax',0.00,'MYR',0),(285,151,'total',35.93,'MYR',0),(286,152,'price',41.17,'MYR',0),(287,152,'tax',0.00,'MYR',0),(288,152,'total',41.17,'MYR',0),(289,155,'price',43.42,'MYR',0),(290,155,'tax',0.00,'MYR',0),(291,155,'total',43.42,'MYR',0),(292,156,'price',53.52,'MYR',0),(293,156,'tax',0.00,'MYR',0),(294,156,'total',53.52,'MYR',0),(295,157,'price',40.25,'MYR',0),(296,157,'tax',0.00,'MYR',0),(297,157,'total',40.25,'MYR',0),(298,159,'price',54.41,'MYR',0),(299,159,'tax',0.00,'MYR',0),(300,159,'total',54.41,'MYR',0),(301,160,'price',35.29,'MYR',0),(302,160,'tax',0.00,'MYR',0),(303,160,'total',35.29,'MYR',0),(304,161,'price',43.10,'MYR',0),(305,161,'tax',0.00,'MYR',0),(306,161,'total',43.10,'MYR',0),(307,164,'price',49.01,'MYR',0),(308,164,'tax',0.00,'MYR',0),(309,164,'total',49.01,'MYR',0),(310,165,'price',53.54,'MYR',0),(311,165,'tax',0.00,'MYR',0),(312,165,'total',53.54,'MYR',0),(313,166,'price',50.97,'MYR',0),(314,166,'tax',0.00,'MYR',0),(315,166,'total',50.97,'MYR',0),(316,168,'price',50.44,'MYR',0),(317,168,'tax',0.00,'MYR',0),(318,168,'total',50.44,'MYR',0),(319,169,'price',37.19,'MYR',0),(320,169,'tax',0.00,'MYR',0),(321,169,'total',37.19,'MYR',0),(322,170,'price',51.31,'MYR',0),(323,170,'tax',0.00,'MYR',0),(324,170,'total',51.31,'MYR',0),(325,173,'price',46.68,'MYR',0),(326,173,'tax',0.00,'MYR',0),(327,173,'total',46.68,'MYR',0),(328,174,'price',47.91,'MYR',0),(329,174,'tax',0.00,'MYR',0),(330,174,'total',47.91,'MYR',0),(331,175,'price',39.49,'MYR',0),(332,175,'tax',0.00,'MYR',0),(333,175,'total',39.49,'MYR',0),(334,177,'price',37.30,'MYR',0),(335,177,'tax',0.00,'MYR',0),(336,177,'total',37.30,'MYR',0),(337,178,'price',47.17,'MYR',0),(338,178,'tax',0.00,'MYR',0),(339,178,'total',47.17,'MYR',0),(340,179,'price',35.08,'MYR',0),(341,179,'tax',0.00,'MYR',0),(342,179,'total',35.08,'MYR',0),(343,182,'price',48.10,'MYR',0),(344,182,'tax',0.00,'MYR',0),(345,182,'total',48.10,'MYR',0),(346,183,'price',37.04,'MYR',0),(347,183,'tax',0.00,'MYR',0),(348,183,'total',37.04,'MYR',0),(349,184,'price',42.83,'MYR',0),(350,184,'tax',0.00,'MYR',0),(351,184,'total',42.83,'MYR',0),(352,186,'price',46.43,'MYR',0),(353,186,'tax',0.00,'MYR',0),(354,186,'total',46.43,'MYR',0),(355,187,'price',53.03,'MYR',0),(356,187,'tax',0.00,'MYR',0),(357,187,'total',53.03,'MYR',0),(358,188,'price',39.14,'MYR',0),(359,188,'tax',0.00,'MYR',0),(360,188,'total',39.14,'MYR',0),(361,191,'price',37.33,'MYR',0),(362,191,'tax',0.00,'MYR',0),(363,191,'total',37.33,'MYR',0),(364,192,'price',50.58,'MYR',0),(365,192,'tax',0.00,'MYR',0),(366,192,'total',50.58,'MYR',0),(367,193,'price',53.04,'MYR',0),(368,193,'tax',0.00,'MYR',0),(369,193,'total',53.04,'MYR',0),(370,195,'price',46.50,'MYR',0),(371,195,'tax',0.00,'MYR',0),(372,195,'total',46.50,'MYR',0),(373,196,'price',48.70,'MYR',0),(374,196,'tax',0.00,'MYR',0),(375,196,'total',48.70,'MYR',0),(376,197,'price',43.97,'MYR',0),(377,197,'tax',0.00,'MYR',0),(378,197,'total',43.97,'MYR',0),(379,200,'price',53.55,'MYR',0),(380,200,'tax',0.00,'MYR',0),(381,200,'total',53.55,'MYR',0),(382,201,'price',35.22,'MYR',0),(383,201,'tax',0.00,'MYR',0),(384,201,'total',35.22,'MYR',0),(385,202,'price',37.11,'MYR',0),(386,202,'tax',0.00,'MYR',0),(387,202,'total',37.11,'MYR',0),(388,204,'price',35.46,'MYR',0),(389,204,'tax',0.00,'MYR',0),(390,204,'total',35.46,'MYR',0),(391,205,'price',39.05,'MYR',0),(392,205,'tax',0.00,'MYR',0),(393,205,'total',39.05,'MYR',0),(394,206,'price',37.54,'MYR',0),(395,206,'tax',0.00,'MYR',0),(396,206,'total',37.54,'MYR',0),(397,209,'price',42.91,'MYR',0),(398,209,'tax',0.00,'MYR',0),(399,209,'total',42.91,'MYR',0),(400,210,'price',41.24,'MYR',0),(401,210,'tax',0.00,'MYR',0),(402,210,'total',41.24,'MYR',0),(403,211,'price',53.94,'MYR',0),(404,211,'tax',0.00,'MYR',0),(405,211,'total',53.94,'MYR',0),(406,213,'price',35.40,'MYR',0),(407,213,'tax',0.00,'MYR',0),(408,213,'total',35.40,'MYR',0),(409,214,'price',50.68,'MYR',0),(410,214,'tax',0.00,'MYR',0),(411,214,'total',50.68,'MYR',0),(412,215,'price',39.82,'MYR',0),(413,215,'tax',0.00,'MYR',0),(414,215,'total',39.82,'MYR',0),(415,218,'price',44.60,'MYR',0),(416,218,'tax',0.00,'MYR',0),(417,218,'total',44.60,'MYR',0),(418,219,'price',52.83,'MYR',0),(419,219,'tax',0.00,'MYR',0),(420,219,'total',52.83,'MYR',0),(421,220,'price',51.25,'MYR',0),(422,220,'tax',0.00,'MYR',0),(423,220,'total',51.25,'MYR',0),(424,222,'price',42.04,'MYR',0),(425,222,'tax',0.00,'MYR',0),(426,222,'total',42.04,'MYR',0),(427,223,'price',50.62,'MYR',0),(428,223,'tax',0.00,'MYR',0),(429,223,'total',50.62,'MYR',0),(430,224,'price',38.01,'MYR',0),(431,224,'tax',0.00,'MYR',0),(432,224,'total',38.01,'MYR',0),(433,227,'price',38.17,'MYR',0),(434,227,'tax',0.00,'MYR',0),(435,227,'total',38.17,'MYR',0),(436,228,'price',43.41,'MYR',0),(437,228,'tax',0.00,'MYR',0),(438,228,'total',43.41,'MYR',0),(439,229,'price',52.23,'MYR',0),(440,229,'tax',0.00,'MYR',0),(441,229,'total',52.23,'MYR',0),(442,231,'price',41.48,'MYR',0),(443,231,'tax',0.00,'MYR',0),(444,231,'total',41.48,'MYR',0),(445,232,'price',38.59,'MYR',0),(446,232,'tax',0.00,'MYR',0),(447,232,'total',38.59,'MYR',0),(448,233,'price',48.90,'MYR',0),(449,233,'tax',0.00,'MYR',0),(450,233,'total',48.90,'MYR',0);
/*!40000 ALTER TABLE `seat_prices` ENABLE KEYS */;
UNLOCK TABLES;

--
-- Table structure for table `seat_rows`
--

DROP TABLE IF EXISTS `seat_rows`;
/*!40101 SET @saved_cs_client     = @@character_set_client */;
/*!50503 SET character_set_client = utf8mb4 */;
CREATE TABLE `seat_rows` (
  `id` int NOT NULL AUTO_INCREMENT,
  `cabin_id` int DEFAULT NULL,
  `row_number` int DEFAULT NULL,
  `created_at` datetime DEFAULT CURRENT_TIMESTAMP,
  `updated_at` datetime DEFAULT CURRENT_TIMESTAMP ON UPDATE CURRENT_TIMESTAMP,
  PRIMARY KEY (`id`)
) ENGINE=InnoDB AUTO_INCREMENT=27 DEFAULT CHARSET=utf8mb4 COLLATE=utf8mb4_0900_ai_ci;
/*!40101 SET character_set_client = @saved_cs_client */;

--
-- Dumping data for table `seat_rows`
--

LOCK TABLES `seat_rows` WRITE;
/*!40000 ALTER TABLE `seat_rows` DISABLE KEYS */;
INSERT INTO `seat_rows` VALUES (1,1,0,'2025-06-15 06:46:25','2025-06-15 06:46:25'),(2,1,4,'2025-06-15 06:46:25','2025-06-15 06:46:25'),(3,1,5,'2025-06-15 06:46:25','2025-06-15 06:46:25'),(4,1,6,'2025-06-15 06:46:25','2025-06-15 06:46:25'),(5,1,7,'2025-06-15 06:46:25','2025-06-15 06:46:25'),(6,1,8,'2025-06-15 06:46:25','2025-06-15 06:46:25'),(7,1,9,'2025-06-15 06:46:25','2025-06-15 06:46:25'),(8,1,10,'2025-06-15 06:46:25','2025-06-15 06:46:25'),(9,1,11,'2025-06-15 06:46:25','2025-06-15 06:46:25'),(10,1,12,'2025-06-15 06:46:25','2025-06-15 06:46:25'),(11,1,15,'2025-06-15 06:46:25','2025-06-15 06:46:25'),(12,1,16,'2025-06-15 06:46:25','2025-06-15 06:46:25'),(13,1,17,'2025-06-15 06:46:25','2025-06-15 06:46:25'),(14,1,18,'2025-06-15 06:46:25','2025-06-15 06:46:25'),(15,1,19,'2025-06-15 06:46:25','2025-06-15 06:46:25'),(16,1,20,'2025-06-15 06:46:25','2025-06-15 06:46:25'),(17,1,21,'2025-06-15 06:46:25','2025-06-15 06:46:25'),(18,1,22,'2025-06-15 06:46:25','2025-06-15 06:46:25'),(19,1,23,'2025-06-15 06:46:25','2025-06-15 06:46:25'),(20,1,24,'2025-06-15 06:46:25','2025-06-15 06:46:25'),(21,1,25,'2025-06-15 06:46:25','2025-06-15 06:46:25'),(22,1,26,'2025-06-15 06:46:25','2025-06-15 06:46:25'),(23,1,27,'2025-06-15 06:46:25','2025-06-15 06:46:25'),(24,1,28,'2025-06-15 06:46:25','2025-06-15 06:46:25'),(25,1,29,'2025-06-15 06:46:25','2025-06-15 06:46:25'),(26,1,30,'2025-06-15 06:46:25','2025-06-15 06:46:25');
/*!40000 ALTER TABLE `seat_rows` ENABLE KEYS */;
UNLOCK TABLES;

--
-- Table structure for table `seat_slot_characteristics`
--

DROP TABLE IF EXISTS `seat_slot_characteristics`;
/*!40101 SET @saved_cs_client     = @@character_set_client */;
/*!50503 SET character_set_client = utf8mb4 */;
CREATE TABLE `seat_slot_characteristics` (
  `id` int NOT NULL AUTO_INCREMENT,
  `seat_id` int NOT NULL,
  `characteristic` varchar(50) NOT NULL,
  PRIMARY KEY (`id`),
  KEY `fk_seat_slot_characteristics_seat_id` (`seat_id`),
  CONSTRAINT `fk_seat_slot_characteristics_seat_id` FOREIGN KEY (`seat_id`) REFERENCES `seats` (`id`) ON DELETE CASCADE ON UPDATE CASCADE,
  CONSTRAINT `seat_slot_characteristics_ibfk_1` FOREIGN KEY (`seat_id`) REFERENCES `seats` (`id`) ON DELETE CASCADE
) ENGINE=InnoDB DEFAULT CHARSET=utf8mb4 COLLATE=utf8mb4_0900_ai_ci;
/*!40101 SET character_set_client = @saved_cs_client */;

--
-- Dumping data for table `seat_slot_characteristics`
--

LOCK TABLES `seat_slot_characteristics` WRITE;
/*!40000 ALTER TABLE `seat_slot_characteristics` DISABLE KEYS */;
/*!40000 ALTER TABLE `seat_slot_characteristics` ENABLE KEYS */;
UNLOCK TABLES;

--
-- Table structure for table `seats`
--

DROP TABLE IF EXISTS `seats`;
/*!40101 SET @saved_cs_client     = @@character_set_client */;
/*!50503 SET character_set_client = utf8mb4 */;
CREATE TABLE `seats` (
  `id` int NOT NULL AUTO_INCREMENT,
  `seat_row_id` int DEFAULT NULL,
  `code` varchar(20) DEFAULT NULL,
  `storefront_slot_code` varchar(20) DEFAULT NULL,
  `refund_indicator` varchar(5) DEFAULT NULL,
  `free_of_charge` tinyint(1) DEFAULT NULL,
  `available` tinyint(1) DEFAULT '0',
  `designations` varchar(255) DEFAULT NULL,
  `entitled` tinyint(1) DEFAULT '0',
  `fee_waived` tinyint(1) DEFAULT '0',
  `entitled_rule_id` varchar(50) DEFAULT NULL,
  `fee_waived_rule_id` varchar(50) DEFAULT NULL,
  `limitations` varchar(255) DEFAULT NULL,
  `originally_selected` tinyint(1) DEFAULT '0',
  `created_at` datetime DEFAULT CURRENT_TIMESTAMP,
  `updated_at` datetime DEFAULT CURRENT_TIMESTAMP ON UPDATE CURRENT_TIMESTAMP,
  PRIMARY KEY (`id`)
) ENGINE=InnoDB AUTO_INCREMENT=235 DEFAULT CHARSET=utf8mb4 COLLATE=utf8mb4_0900_ai_ci;
/*!40101 SET character_set_client = @saved_cs_client */;

--
-- Dumping data for table `seats`
--

LOCK TABLES `seats` WRITE;
/*!40000 ALTER TABLE `seats` DISABLE KEYS */;
INSERT INTO `seats` VALUES (1,1,'','BLANK','',1,0,'',0,0,'','','',0,'2025-06-15 09:02:38','2025-06-16 06:03:41'),(2,1,'','BULKHEAD','',1,0,'',0,0,'','','',0,'2025-06-15 09:02:38','2025-06-16 06:03:41'),(3,1,'','BULKHEAD','',1,0,'',0,0,'','','',0,'2025-06-15 09:02:38','2025-06-16 06:03:41'),(4,1,'','BULKHEAD','',1,0,'',0,0,'','','',0,'2025-06-15 09:02:38','2025-06-16 06:03:41'),(5,1,'','BLANK','',1,0,'',0,0,'','','',0,'2025-06-15 09:02:38','2025-06-16 06:03:41'),(6,1,'','BULKHEAD','',1,0,'',0,0,'','','',0,'2025-06-15 09:02:38','2025-06-16 06:03:41'),(7,1,'','BULKHEAD','',1,0,'',0,0,'','','',0,'2025-06-15 09:02:38','2025-06-16 06:03:41'),(8,1,'','BULKHEAD','',1,0,'',0,0,'','','',0,'2025-06-15 09:02:38','2025-06-16 06:03:41'),(9,1,'','BLANK','',1,0,'',0,0,'','','',0,'2025-06-15 09:02:38','2025-06-16 06:03:41'),(10,2,'','BLANK','',1,0,'',0,0,'','','',0,'2025-06-15 09:02:38','2025-06-16 06:03:41'),(11,2,'4A','SEAT','R',0,1,'',1,0,'','','',1,'2025-06-15 09:02:38','2025-06-18 12:52:26'),(12,2,'4B','SEAT','R',0,1,'',1,0,'','','',1,'2025-06-15 09:02:38','2025-06-18 12:52:26'),(13,2,'4C','SEAT','R',0,1,'',1,0,'','','',1,'2025-06-15 09:02:38','2025-06-18 12:52:26'),(14,2,'AISLE','AISLE','',1,0,'',0,0,'','','',0,'2025-06-15 09:02:38','2025-06-16 06:03:41'),(15,2,'4D','SEAT','R',0,1,'',1,0,'','','',0,'2025-06-15 09:02:38','2025-06-16 16:19:52'),(16,2,'4E','SEAT','R',0,1,'',1,0,'','','',0,'2025-06-15 09:02:38','2025-06-16 16:19:52'),(17,2,'4F','SEAT','R',0,1,'',1,0,'','','',0,'2025-06-15 09:02:38','2025-06-16 16:19:52'),(18,2,'','BLANK','',1,0,'',0,0,'','','',0,'2025-06-15 09:02:38','2025-06-16 06:03:41'),(19,3,'','BLANK','',1,0,'',0,0,'','','',0,'2025-06-15 09:02:38','2025-06-16 06:03:41'),(20,3,'5A','SEAT','R',0,1,'',1,0,'','','',0,'2025-06-15 09:02:38','2025-06-16 16:19:52'),(21,3,'5B','SEAT','R',0,1,'',1,0,'','','',0,'2025-06-15 09:02:38','2025-06-16 16:19:52'),(22,3,'5C','SEAT','R',0,1,'',1,0,'','','',0,'2025-06-15 09:02:38','2025-06-16 16:19:52'),(23,3,'AISLE','AISLE','',1,0,'',0,0,'','','',0,'2025-06-15 09:02:38','2025-06-16 06:03:41'),(24,3,'5D','SEAT','R',0,1,'',1,0,'','','',0,'2025-06-15 09:02:38','2025-06-16 16:19:52'),(25,3,'5E','SEAT','R',0,1,'',1,0,'','','',0,'2025-06-15 09:02:38','2025-06-16 16:19:52'),(26,3,'5F','SEAT','R',0,1,'',1,0,'','','',0,'2025-06-15 09:02:38','2025-06-16 16:19:52'),(27,3,'','BLANK','',1,0,'',0,0,'','','',0,'2025-06-15 09:02:38','2025-06-16 06:03:41'),(28,4,'','BLANK','',1,0,'',0,0,'','','',0,'2025-06-15 09:02:38','2025-06-16 06:03:41'),(29,4,'6A','SEAT','R',0,1,'',1,0,'','','',0,'2025-06-15 09:02:38','2025-06-16 16:19:52'),(30,4,'6B','SEAT','R',0,1,'',1,0,'','','',0,'2025-06-15 09:02:38','2025-06-16 16:19:52'),(31,4,'6C','SEAT','R',0,1,'',1,0,'','','',0,'2025-06-15 09:02:38','2025-06-16 16:19:52'),(32,4,'AISLE','AISLE','',1,0,'',0,0,'','','',0,'2025-06-15 09:02:38','2025-06-16 06:03:41'),(33,4,'6D','SEAT','R',0,1,'',1,0,'','','',0,'2025-06-15 09:02:38','2025-06-16 16:19:52'),(34,4,'6E','SEAT','R',0,1,'',1,0,'','','',0,'2025-06-15 09:02:38','2025-06-16 16:19:52'),(35,4,'6F','SEAT','R',0,1,'',1,0,'','','',0,'2025-06-15 09:02:38','2025-06-16 16:19:52'),(36,4,'','BLANK','',1,0,'',0,0,'','','',0,'2025-06-15 09:02:38','2025-06-16 06:03:41'),(37,5,'','BLANK','',1,0,'',0,0,'','','',0,'2025-06-15 09:02:38','2025-06-16 06:03:41'),(38,5,'7A','SEAT','R',0,1,'',1,0,'','','',0,'2025-06-15 09:02:38','2025-06-16 16:19:52'),(39,5,'7B','SEAT','R',0,1,'',1,0,'','','',0,'2025-06-15 09:02:38','2025-06-16 16:19:52'),(40,5,'7C','SEAT','R',0,1,'',1,0,'','','',0,'2025-06-15 09:02:38','2025-06-16 16:19:52'),(41,5,'AISLE','AISLE','',1,0,'',0,0,'','','',0,'2025-06-15 09:02:38','2025-06-16 06:03:41'),(42,5,'7D','SEAT','R',0,1,'',1,0,'','','',0,'2025-06-15 09:02:38','2025-06-16 16:19:52'),(43,5,'7E','SEAT','R',0,1,'',1,0,'','','',0,'2025-06-15 09:02:38','2025-06-16 16:19:52'),(44,5,'7F','SEAT','R',0,1,'',1,0,'','','',0,'2025-06-15 09:02:38','2025-06-16 16:19:52'),(45,5,'','BLANK','',1,0,'',0,0,'','','',0,'2025-06-15 09:02:38','2025-06-16 06:03:41'),(46,6,'','BLANK','',1,0,'',0,0,'','','',0,'2025-06-15 09:02:38','2025-06-16 06:03:41'),(47,6,'8A','SEAT','R',0,1,'',1,0,'','','',0,'2025-06-15 09:02:38','2025-06-16 16:19:52'),(48,6,'8B','SEAT','R',0,1,'',1,0,'','','',0,'2025-06-15 09:02:38','2025-06-16 16:19:52'),(49,6,'8C','SEAT','R',0,1,'',1,0,'','','',0,'2025-06-15 09:02:38','2025-06-16 16:19:52'),(50,6,'AISLE','AISLE','',1,0,'',0,0,'','','',0,'2025-06-15 09:02:38','2025-06-16 06:03:41'),(51,6,'8D','SEAT','R',0,1,'',1,0,'','','',0,'2025-06-15 09:02:38','2025-06-16 16:19:52'),(52,6,'8E','SEAT','R',0,1,'',1,0,'','','',0,'2025-06-15 09:02:38','2025-06-16 16:19:52'),(53,6,'8F','SEAT','R',0,1,'',1,0,'','','',0,'2025-06-15 09:02:38','2025-06-16 16:19:52'),(54,6,'','BLANK','',1,0,'',0,0,'','','',0,'2025-06-15 09:02:38','2025-06-16 06:03:41'),(55,7,'','BLANK','',1,0,'',0,0,'','','',0,'2025-06-15 09:02:38','2025-06-16 06:03:41'),(56,7,'9A','SEAT','R',0,1,'',1,0,'','','',0,'2025-06-15 09:02:38','2025-06-16 16:19:52'),(57,7,'9B','SEAT','R',0,1,'',1,0,'','','',0,'2025-06-15 09:02:38','2025-06-16 16:19:52'),(58,7,'9C','SEAT','R',0,1,'',1,0,'','','',0,'2025-06-15 09:02:38','2025-06-16 16:19:52'),(59,7,'AISLE','AISLE','',1,0,'',0,0,'','','',0,'2025-06-15 09:02:38','2025-06-16 06:03:41'),(60,7,'9D','SEAT','R',0,1,'',1,0,'','','',0,'2025-06-15 09:02:38','2025-06-16 16:19:52'),(61,7,'9E','SEAT','R',0,1,'',1,0,'','','',0,'2025-06-15 09:02:38','2025-06-16 16:19:52'),(62,7,'9F','SEAT','R',0,1,'',1,0,'','','',0,'2025-06-15 09:02:38','2025-06-16 16:19:52'),(63,7,'','BLANK','',1,0,'',0,0,'','','',0,'2025-06-15 09:02:38','2025-06-16 06:03:41'),(64,8,'','WING','',1,0,'',0,0,'','','',0,'2025-06-15 09:02:38','2025-06-16 16:15:18'),(65,8,'10A','SEAT','R',0,1,'',1,0,'','','',0,'2025-06-15 09:02:38','2025-06-16 16:19:52'),(66,8,'10B','SEAT','R',0,1,'',1,0,'','','',0,'2025-06-15 09:02:39','2025-06-16 16:19:52'),(67,8,'10C','SEAT','R',0,1,'',1,0,'','','',0,'2025-06-15 09:02:39','2025-06-16 16:19:52'),(68,8,'AISLE','AISLE','',1,0,'',0,0,'','','',0,'2025-06-15 09:02:39','2025-06-16 06:03:41'),(69,8,'10D','SEAT','R',0,1,'',1,0,'','','',0,'2025-06-15 09:02:39','2025-06-16 16:19:52'),(70,8,'10E','SEAT','R',0,1,'',1,0,'','','',0,'2025-06-15 09:02:39','2025-06-16 16:19:52'),(71,8,'10F','SEAT','R',0,1,'',1,0,'','','',0,'2025-06-15 09:02:39','2025-06-16 16:19:52'),(72,8,'','WING','',1,0,'',0,0,'','','',0,'2025-06-15 09:02:39','2025-06-16 16:15:18'),(73,9,'','WING','',1,0,'',0,0,'','','',0,'2025-06-15 09:02:39','2025-06-16 16:15:18'),(74,9,'11A','SEAT','R',0,1,'',1,0,'','','',0,'2025-06-15 09:02:39','2025-06-16 16:19:52'),(75,9,'11B','SEAT','R',0,1,'',1,0,'','','',0,'2025-06-15 09:02:39','2025-06-16 16:19:52'),(76,9,'11C','SEAT','R',0,1,'',1,0,'','','',0,'2025-06-15 09:02:39','2025-06-16 16:19:52'),(77,9,'AISLE','AISLE','',1,0,'',0,0,'','','',0,'2025-06-15 09:02:39','2025-06-16 06:03:41'),(78,9,'11D','SEAT','R',0,1,'',1,0,'','','',0,'2025-06-15 09:02:39','2025-06-16 16:19:52'),(79,9,'11E','SEAT','R',0,1,'',1,0,'','','',0,'2025-06-15 09:02:39','2025-06-16 16:19:52'),(80,9,'11F','SEAT','R',0,1,'',1,0,'','','',0,'2025-06-15 09:02:39','2025-06-16 16:19:52'),(81,9,'','WING','',1,0,'',0,0,'','','',0,'2025-06-15 09:02:39','2025-06-16 16:15:18'),(82,10,'','WING','',1,0,'',0,0,'','','',0,'2025-06-15 09:02:39','2025-06-16 16:15:18'),(83,10,'12A','SEAT','R',0,1,'',1,0,'','','',0,'2025-06-15 09:02:39','2025-06-16 16:19:52'),(84,10,'12B','SEAT','R',0,1,'',1,0,'','','',0,'2025-06-15 09:02:39','2025-06-16 16:19:52'),(85,10,'12C','SEAT','R',0,1,'',1,0,'','','',0,'2025-06-15 09:02:39','2025-06-16 16:19:52'),(86,10,'AISLE','AISLE','',1,0,'',0,0,'','','',0,'2025-06-15 09:02:39','2025-06-16 06:03:41'),(87,10,'12D','SEAT','R',0,1,'',1,0,'','','',0,'2025-06-15 09:02:39','2025-06-16 16:19:52'),(88,10,'12E','SEAT','R',0,1,'',1,0,'','','',0,'2025-06-15 09:02:39','2025-06-16 16:19:52'),(89,10,'12F','SEAT','R',0,1,'',1,0,'','','',0,'2025-06-15 09:02:39','2025-06-16 16:19:52'),(90,10,'','WING','',1,0,'',0,0,'','','',0,'2025-06-15 09:02:39','2025-06-16 16:15:18'),(91,11,'','WING','',1,0,'',0,0,'','','',0,'2025-06-15 09:02:39','2025-06-16 16:15:18'),(92,11,'15A','SEAT','R',0,1,'',1,0,'','','',0,'2025-06-15 09:02:39','2025-06-16 16:19:52'),(93,11,'15B','SEAT','R',0,1,'',1,0,'','','',0,'2025-06-15 09:02:39','2025-06-16 16:19:52'),(94,11,'15C','SEAT','R',0,1,'',1,0,'','','',0,'2025-06-15 09:02:39','2025-06-16 16:19:52'),(95,11,'AISLE','AISLE','',1,0,'',0,0,'','','',0,'2025-06-15 09:02:39','2025-06-16 06:03:41'),(96,11,'15D','SEAT','R',0,1,'',1,0,'','','',0,'2025-06-15 09:02:39','2025-06-16 16:19:52'),(97,11,'15E','SEAT','R',0,1,'',1,0,'','','',0,'2025-06-15 09:02:39','2025-06-16 16:19:52'),(98,11,'15F','SEAT','R',0,1,'',1,0,'','','',0,'2025-06-15 09:02:39','2025-06-16 16:19:52'),(99,11,'','WING','',1,0,'',0,0,'','','',0,'2025-06-15 09:02:39','2025-06-16 16:15:18'),(100,12,'','WING','',1,0,'',0,0,'','','',0,'2025-06-15 09:02:39','2025-06-16 16:15:18'),(101,12,'16A','SEAT','R',0,1,'',1,0,'','','',0,'2025-06-15 09:02:39','2025-06-16 16:19:52'),(102,12,'16B','SEAT','R',0,1,'',1,0,'','','',0,'2025-06-15 09:02:39','2025-06-16 16:19:52'),(103,12,'16C','SEAT','R',0,1,'',1,0,'','','',0,'2025-06-15 09:02:39','2025-06-16 16:19:52'),(104,12,'AISLE','AISLE','',1,0,'',0,0,'','','',0,'2025-06-15 09:02:39','2025-06-16 06:03:41'),(105,12,'16D','SEAT','R',0,1,'',1,0,'','','',0,'2025-06-15 09:02:39','2025-06-16 16:19:52'),(106,12,'16E','SEAT','R',0,1,'',1,0,'','','',0,'2025-06-15 09:02:39','2025-06-16 16:19:52'),(107,12,'16F','SEAT','R',0,1,'',1,0,'','','',0,'2025-06-15 09:02:39','2025-06-16 16:19:52'),(108,12,'','WING','',1,0,'',0,0,'','','',0,'2025-06-15 09:02:39','2025-06-16 16:15:18'),(109,13,'','WING','',1,0,'',0,0,'','','',0,'2025-06-15 09:02:39','2025-06-16 16:15:18'),(110,13,'17A','SEAT','R',0,1,'',1,0,'','','',0,'2025-06-15 09:02:39','2025-06-16 16:19:52'),(111,13,'17B','SEAT','R',0,1,'',1,0,'','','',0,'2025-06-15 09:02:39','2025-06-16 16:19:52'),(112,13,'17C','SEAT','R',0,1,'',1,0,'','','',0,'2025-06-15 09:02:39','2025-06-16 16:19:52'),(113,13,'AISLE','AISLE','',1,0,'',0,0,'','','',0,'2025-06-15 09:02:39','2025-06-16 06:03:41'),(114,13,'17D','SEAT','R',0,1,'',1,0,'','','',0,'2025-06-15 09:02:39','2025-06-16 16:19:52'),(115,13,'17E','SEAT','R',0,1,'',1,0,'','','',0,'2025-06-15 09:02:39','2025-06-16 16:19:52'),(116,13,'17F','SEAT','R',0,1,'',1,0,'','','',0,'2025-06-15 09:02:39','2025-06-16 16:19:52'),(117,13,'','WING','',1,0,'',0,0,'','','',0,'2025-06-15 09:02:39','2025-06-16 16:15:18'),(118,14,'','WING','',1,0,'',0,0,'','','',0,'2025-06-15 09:02:39','2025-06-16 16:15:18'),(119,14,'18A','SEAT','R',0,1,'',1,0,'','','',0,'2025-06-15 09:02:39','2025-06-16 16:19:52'),(120,14,'18B','SEAT','R',0,1,'',1,0,'','','',0,'2025-06-15 09:02:39','2025-06-16 16:19:52'),(121,14,'18C','SEAT','R',0,1,'',1,0,'','','',0,'2025-06-15 09:02:39','2025-06-16 16:19:52'),(122,14,'AISLE','AISLE','',1,0,'',0,0,'','','',0,'2025-06-15 09:02:39','2025-06-16 06:03:41'),(123,14,'18D','SEAT','R',0,1,'',1,0,'','','',0,'2025-06-15 09:02:39','2025-06-16 16:19:52'),(124,14,'18E','SEAT','R',0,1,'',1,0,'','','',0,'2025-06-15 09:02:39','2025-06-16 16:19:52'),(125,14,'18F','SEAT','R',0,1,'',1,0,'','','',0,'2025-06-15 09:02:39','2025-06-16 16:19:52'),(126,14,'','WING','',1,0,'',0,0,'','','',0,'2025-06-15 09:02:39','2025-06-16 16:15:18'),(127,15,'','WING','',1,0,'',0,0,'','','',0,'2025-06-15 09:02:39','2025-06-16 16:15:18'),(128,15,'19A','SEAT','R',0,1,'',1,0,'','','',0,'2025-06-15 09:02:39','2025-06-16 16:19:52'),(129,15,'19B','SEAT','R',0,1,'',1,0,'','','',0,'2025-06-15 09:02:39','2025-06-16 16:19:52'),(130,15,'19C','SEAT','R',0,1,'',1,0,'','','',0,'2025-06-15 09:02:39','2025-06-16 16:19:52'),(131,15,'AISLE','AISLE','',1,0,'',0,0,'','','',0,'2025-06-15 09:02:39','2025-06-16 06:03:41'),(132,15,'19D','SEAT','R',0,1,'',1,0,'','','',0,'2025-06-15 09:02:39','2025-06-16 16:19:52'),(133,15,'19E','SEAT','R',0,1,'',1,0,'','','',0,'2025-06-15 09:02:39','2025-06-16 16:19:52'),(134,15,'19F','SEAT','R',0,1,'',1,0,'','','',0,'2025-06-15 09:02:39','2025-06-16 16:19:52'),(135,15,'','WING','',1,0,'',0,0,'','','',0,'2025-06-15 09:02:39','2025-06-16 16:15:18'),(136,16,'','BLANK','',1,0,'',0,0,'','','',0,'2025-06-15 09:02:39','2025-06-16 06:03:41'),(137,16,'20A','SEAT','R',0,1,'',1,0,'','','',0,'2025-06-15 09:02:39','2025-06-16 16:19:52'),(138,16,'20B','SEAT','R',0,1,'',1,0,'','','',0,'2025-06-15 09:02:39','2025-06-16 16:19:52'),(139,16,'20C','SEAT','R',0,1,'',1,0,'','','',0,'2025-06-15 09:02:39','2025-06-16 16:19:52'),(140,16,'AISLE','AISLE','',1,0,'',0,0,'','','',0,'2025-06-15 09:02:39','2025-06-16 06:03:41'),(141,16,'20D','SEAT','R',0,1,'',1,0,'','','',0,'2025-06-15 09:02:39','2025-06-16 16:19:52'),(142,16,'20E','SEAT','R',0,1,'',1,0,'','','',0,'2025-06-15 09:02:39','2025-06-16 16:19:52'),(143,16,'20F','SEAT','R',0,1,'',1,0,'','','',0,'2025-06-15 09:02:39','2025-06-16 16:19:52'),(144,16,'','BLANK','',1,0,'',0,0,'','','',0,'2025-06-15 09:02:39','2025-06-16 06:03:41'),(145,17,'','BLANK','',1,0,'',0,0,'','','',0,'2025-06-15 09:02:39','2025-06-16 06:03:41'),(146,17,'21A','SEAT','R',0,1,'',1,0,'','','',0,'2025-06-15 09:02:39','2025-06-16 16:19:52'),(147,17,'21B','SEAT','R',0,1,'',1,0,'','','',0,'2025-06-15 09:02:39','2025-06-16 16:19:52'),(148,17,'21C','SEAT','R',0,1,'',1,0,'','','',0,'2025-06-15 09:02:39','2025-06-16 16:19:52'),(149,17,'AISLE','AISLE','',1,0,'',0,0,'','','',0,'2025-06-15 09:02:39','2025-06-16 06:03:41'),(150,17,'21D','SEAT','R',0,1,'',1,0,'','','',0,'2025-06-15 09:02:39','2025-06-16 16:19:52'),(151,17,'21E','SEAT','R',0,1,'',1,0,'','','',0,'2025-06-15 09:02:39','2025-06-16 16:19:52'),(152,17,'21F','SEAT','R',0,1,'',1,0,'','','',0,'2025-06-15 09:02:39','2025-06-16 16:19:52'),(153,17,'','BLANK','',1,0,'',0,0,'','','',0,'2025-06-15 09:02:39','2025-06-16 06:03:41'),(154,18,'','BLANK','',1,0,'',0,0,'','','',0,'2025-06-15 09:02:39','2025-06-16 06:03:41'),(155,18,'22A','SEAT','R',0,1,'',1,0,'','','',0,'2025-06-15 09:02:39','2025-06-16 16:19:52'),(156,18,'22B','SEAT','R',0,1,'',1,0,'','','',0,'2025-06-15 09:02:39','2025-06-16 16:19:52'),(157,18,'22C','SEAT','R',0,1,'',1,0,'','','',0,'2025-06-15 09:02:39','2025-06-16 16:19:52'),(158,18,'AISLE','AISLE','',1,0,'',0,0,'','','',0,'2025-06-15 09:02:39','2025-06-16 06:03:41'),(159,18,'22D','SEAT','R',0,1,'',1,0,'','','',0,'2025-06-15 09:02:39','2025-06-16 16:19:52'),(160,18,'22E','SEAT','R',0,1,'',1,0,'','','',0,'2025-06-15 09:02:40','2025-06-16 16:19:52'),(161,18,'22F','SEAT','R',0,1,'',1,0,'','','',0,'2025-06-15 09:02:40','2025-06-16 16:19:52'),(162,18,'','BLANK','',1,0,'',0,0,'','','',0,'2025-06-15 09:02:40','2025-06-16 06:03:41'),(163,19,'','BLANK','',1,0,'',0,0,'','','',0,'2025-06-15 09:02:40','2025-06-16 06:03:41'),(164,19,'23A','SEAT','R',0,1,'',1,0,'','','',0,'2025-06-15 09:02:40','2025-06-16 16:19:52'),(165,19,'23B','SEAT','R',0,1,'',1,0,'','','',0,'2025-06-15 09:02:40','2025-06-16 16:19:52'),(166,19,'23C','SEAT','R',0,1,'',1,0,'','','',0,'2025-06-15 09:02:40','2025-06-16 16:19:52'),(167,19,'AISLE','AISLE','',1,0,'',0,0,'','','',0,'2025-06-15 09:02:40','2025-06-16 06:03:41'),(168,19,'23D','SEAT','R',0,1,'',1,0,'','','',0,'2025-06-15 09:02:40','2025-06-16 16:19:52'),(169,19,'23E','SEAT','R',0,1,'',1,0,'','','',0,'2025-06-15 09:02:40','2025-06-16 16:19:52'),(170,19,'23F','SEAT','R',0,1,'',1,0,'','','',0,'2025-06-15 09:02:40','2025-06-16 16:19:52'),(171,19,'','BLANK','',1,0,'',0,0,'','','',0,'2025-06-15 09:02:40','2025-06-16 06:03:41'),(172,20,'','BLANK','',1,0,'',0,0,'','','',0,'2025-06-15 09:02:40','2025-06-16 06:03:41'),(173,20,'24A','SEAT','R',0,1,'',1,0,'','','',0,'2025-06-15 09:02:40','2025-06-16 16:19:52'),(174,20,'24B','SEAT','R',0,1,'',1,0,'','','',0,'2025-06-15 09:02:40','2025-06-16 16:19:52'),(175,20,'24C','SEAT','R',0,1,'',1,0,'','','',0,'2025-06-15 09:02:40','2025-06-16 16:19:52'),(176,20,'AISLE','AISLE','',1,0,'',0,0,'','','',0,'2025-06-15 09:02:40','2025-06-16 06:03:41'),(177,20,'24D','SEAT','R',0,1,'',1,0,'','','',0,'2025-06-15 09:02:40','2025-06-16 16:19:52'),(178,20,'24E','SEAT','R',0,1,'',1,0,'','','',0,'2025-06-15 09:02:40','2025-06-16 16:19:52'),(179,20,'24F','SEAT','R',0,1,'',1,0,'','','',0,'2025-06-15 09:02:40','2025-06-16 16:19:52'),(180,20,'','BLANK','',1,0,'',0,0,'','','',0,'2025-06-15 09:02:40','2025-06-16 06:03:41'),(181,21,'','BLANK','',1,0,'',0,0,'','','',0,'2025-06-15 09:02:40','2025-06-16 06:03:41'),(182,21,'25A','SEAT','R',0,1,'',1,0,'','','',0,'2025-06-15 09:02:40','2025-06-16 16:19:52'),(183,21,'25B','SEAT','R',0,1,'',1,0,'','','',0,'2025-06-15 09:02:40','2025-06-16 16:19:52'),(184,21,'25C','SEAT','R',0,1,'',1,0,'','','',0,'2025-06-15 09:02:40','2025-06-16 16:19:52'),(185,21,'AISLE','AISLE','',1,0,'',0,0,'','','',0,'2025-06-15 09:02:40','2025-06-16 06:03:41'),(186,21,'25D','SEAT','R',0,1,'',1,0,'','','',0,'2025-06-15 09:02:40','2025-06-16 16:19:52'),(187,21,'25E','SEAT','R',0,1,'',1,0,'','','',0,'2025-06-15 09:02:40','2025-06-16 16:19:52'),(188,21,'25F','SEAT','R',0,1,'',1,0,'','','',0,'2025-06-15 09:02:40','2025-06-16 16:19:52'),(189,21,'','BLANK','',1,0,'',0,0,'','','',0,'2025-06-15 09:02:40','2025-06-16 06:03:41'),(190,22,'','BLANK','',1,0,'',0,0,'','','',0,'2025-06-15 09:02:40','2025-06-16 06:03:41'),(191,22,'26A','SEAT','R',0,1,'',1,0,'','','',0,'2025-06-15 09:02:40','2025-06-16 16:19:52'),(192,22,'26B','SEAT','R',0,1,'',1,0,'','','',0,'2025-06-15 09:02:40','2025-06-16 16:19:52'),(193,22,'26C','SEAT','R',0,1,'',1,0,'','','',0,'2025-06-15 09:02:40','2025-06-16 16:19:52'),(194,22,'AISLE','AISLE','',1,0,'',0,0,'','','',0,'2025-06-15 09:02:40','2025-06-16 06:03:41'),(195,22,'26D','SEAT','R',0,1,'',1,0,'','','',0,'2025-06-15 09:02:40','2025-06-16 16:19:52'),(196,22,'26E','SEAT','R',0,1,'',1,0,'','','',0,'2025-06-15 09:02:40','2025-06-16 16:19:52'),(197,22,'26F','SEAT','R',0,1,'',1,0,'','','',0,'2025-06-15 09:02:40','2025-06-16 16:19:52'),(198,22,'','BLANK','',1,0,'',0,0,'','','',0,'2025-06-15 09:02:40','2025-06-16 06:03:41'),(199,23,'','BLANK','',1,0,'',0,0,'','','',0,'2025-06-15 09:02:40','2025-06-16 06:03:41'),(200,23,'27A','SEAT','R',0,1,'',1,0,'','','',0,'2025-06-15 09:02:40','2025-06-16 16:19:52'),(201,23,'27B','SEAT','R',0,1,'',1,0,'','','',0,'2025-06-15 09:02:40','2025-06-16 16:19:52'),(202,23,'27C','SEAT','R',0,1,'',1,0,'','','',0,'2025-06-15 09:02:40','2025-06-16 16:19:52'),(203,23,'AISLE','AISLE','',1,0,'',0,0,'','','',0,'2025-06-15 09:02:40','2025-06-16 06:03:41'),(204,23,'27D','SEAT','R',0,1,'',1,0,'','','',0,'2025-06-15 09:02:40','2025-06-16 16:19:52'),(205,23,'27E','SEAT','R',0,1,'',1,0,'','','',0,'2025-06-15 09:02:40','2025-06-16 16:19:52'),(206,23,'27F','SEAT','R',0,1,'',1,0,'','','',0,'2025-06-15 09:02:40','2025-06-16 16:19:52'),(207,23,'','BLANK','',1,0,'',0,0,'','','',0,'2025-06-15 09:02:40','2025-06-16 06:03:41'),(208,24,'','BLANK','',1,0,'',0,0,'','','',0,'2025-06-15 09:02:40','2025-06-16 06:03:41'),(209,24,'28A','SEAT','R',0,1,'',1,0,'','','',0,'2025-06-15 09:02:40','2025-06-16 16:19:52'),(210,24,'28B','SEAT','R',0,1,'',1,0,'','','',0,'2025-06-15 09:02:40','2025-06-16 16:19:52'),(211,24,'28C','SEAT','R',0,1,'',1,0,'','','',0,'2025-06-15 09:02:40','2025-06-16 16:19:52'),(212,24,'AISLE','AISLE','',1,0,'',0,0,'','','',0,'2025-06-15 09:02:40','2025-06-16 06:03:41'),(213,24,'28D','SEAT','R',0,1,'',1,0,'','','',0,'2025-06-15 09:02:40','2025-06-16 16:19:52'),(214,24,'28E','SEAT','R',0,1,'',1,0,'','','',0,'2025-06-15 09:02:40','2025-06-16 16:19:52'),(215,24,'28F','SEAT','R',0,1,'',1,0,'','','',0,'2025-06-15 09:02:40','2025-06-16 16:19:52'),(216,24,'','BLANK','',1,0,'',0,0,'','','',0,'2025-06-15 09:02:40','2025-06-16 06:03:41'),(217,25,'','BLANK','',1,0,'',0,0,'','','',0,'2025-06-15 09:02:40','2025-06-16 06:03:41'),(218,25,'29A','SEAT','R',0,1,'',1,0,'','','',0,'2025-06-15 09:02:40','2025-06-16 16:19:52'),(219,25,'29B','SEAT','R',0,1,'',1,0,'','','',0,'2025-06-15 09:02:40','2025-06-16 16:19:52'),(220,25,'29C','SEAT','R',0,1,'',1,0,'','','',0,'2025-06-15 09:02:40','2025-06-16 16:19:52'),(221,25,'AISLE','AISLE','',1,0,'',0,0,'','','',0,'2025-06-15 09:02:40','2025-06-16 06:03:41'),(222,25,'29D','SEAT','R',0,1,'',1,0,'','','',0,'2025-06-15 09:02:40','2025-06-16 16:19:52'),(223,25,'29E','SEAT','R',0,1,'',1,0,'','','',0,'2025-06-15 09:02:40','2025-06-16 16:19:52'),(224,25,'29F','SEAT','R',0,1,'',1,0,'','','',0,'2025-06-15 09:02:40','2025-06-16 16:19:52'),(225,25,'','BLANK','',1,0,'',0,0,'','','',0,'2025-06-15 09:02:40','2025-06-16 06:03:41'),(226,26,'','BLANK','',1,0,'',0,0,'','','',0,'2025-06-15 09:02:40','2025-06-16 06:03:41'),(227,26,'30A','SEAT','R',0,1,'',1,0,'','','',0,'2025-06-15 09:02:40','2025-06-16 16:19:52'),(228,26,'30B','SEAT','R',0,1,'',1,0,'','','',0,'2025-06-15 09:02:40','2025-06-16 16:19:52'),(229,26,'30C','SEAT','R',0,1,'',1,0,'','','',0,'2025-06-15 09:02:40','2025-06-16 16:19:52'),(230,26,'AISLE','AISLE','',1,0,'',0,0,'','','',0,'2025-06-15 09:02:40','2025-06-16 06:03:41'),(231,26,'30D','SEAT','R',0,1,'',1,0,'','','',0,'2025-06-15 09:02:40','2025-06-16 16:19:52'),(232,26,'30E','SEAT','R',0,1,'',1,0,'','','',0,'2025-06-15 09:02:40','2025-06-16 16:19:52'),(233,26,'30F','SEAT','R',0,1,'',1,0,'','','',0,'2025-06-15 09:02:40','2025-06-16 16:19:52'),(234,26,'','BLANK','',1,0,'',0,0,'','','',0,'2025-06-15 09:02:40','2025-06-16 06:03:41');
/*!40000 ALTER TABLE `seats` ENABLE KEYS */;
UNLOCK TABLES;

--
-- Table structure for table `special_preferences`
--

DROP TABLE IF EXISTS `special_preferences`;
/*!40101 SET @saved_cs_client     = @@character_set_client */;
/*!50503 SET character_set_client = utf8mb4 */;
CREATE TABLE `special_preferences` (
  `id` int NOT NULL AUTO_INCREMENT,
  `passenger_id` int DEFAULT NULL,
  `meal_preference` varchar(100) DEFAULT NULL,
  `seat_preference` varchar(100) DEFAULT NULL,
  `created_at` datetime DEFAULT CURRENT_TIMESTAMP,
  `updated_at` datetime DEFAULT CURRENT_TIMESTAMP ON UPDATE CURRENT_TIMESTAMP,
  PRIMARY KEY (`id`)
) ENGINE=InnoDB AUTO_INCREMENT=2 DEFAULT CHARSET=utf8mb4 COLLATE=utf8mb4_0900_ai_ci;
/*!40101 SET character_set_client = @saved_cs_client */;

--
-- Dumping data for table `special_preferences`
--

LOCK TABLES `special_preferences` WRITE;
/*!40000 ALTER TABLE `special_preferences` DISABLE KEYS */;
INSERT INTO `special_preferences` VALUES (1,0,'','','2025-06-15 16:46:53','2025-06-15 16:46:53');
/*!40000 ALTER TABLE `special_preferences` ENABLE KEYS */;
UNLOCK TABLES;

--
-- Table structure for table `special_requests`
--

DROP TABLE IF EXISTS `special_requests`;
/*!40101 SET @saved_cs_client     = @@character_set_client */;
/*!50503 SET character_set_client = utf8mb4 */;
CREATE TABLE `special_requests` (
  `id` int NOT NULL AUTO_INCREMENT,
  `preference_id` int DEFAULT NULL,
  `request` varchar(255) DEFAULT NULL,
  `created_at` datetime DEFAULT CURRENT_TIMESTAMP,
  `updated_at` datetime DEFAULT CURRENT_TIMESTAMP ON UPDATE CURRENT_TIMESTAMP,
  PRIMARY KEY (`id`)
) ENGINE=InnoDB DEFAULT CHARSET=utf8mb4 COLLATE=utf8mb4_0900_ai_ci;
/*!40101 SET character_set_client = @saved_cs_client */;

--
-- Dumping data for table `special_requests`
--

LOCK TABLES `special_requests` WRITE;
/*!40000 ALTER TABLE `special_requests` DISABLE KEYS */;
/*!40000 ALTER TABLE `special_requests` ENABLE KEYS */;
UNLOCK TABLES;

--
-- Table structure for table `special_service_request_remarks`
--

DROP TABLE IF EXISTS `special_service_request_remarks`;
/*!40101 SET @saved_cs_client     = @@character_set_client */;
/*!50503 SET character_set_client = utf8mb4 */;
CREATE TABLE `special_service_request_remarks` (
  `id` int NOT NULL AUTO_INCREMENT,
  `preference_id` int DEFAULT NULL,
  `remark` varchar(255) DEFAULT NULL,
  `created_at` datetime DEFAULT CURRENT_TIMESTAMP,
  `updated_at` datetime DEFAULT CURRENT_TIMESTAMP ON UPDATE CURRENT_TIMESTAMP,
  PRIMARY KEY (`id`)
) ENGINE=InnoDB DEFAULT CHARSET=utf8mb4 COLLATE=utf8mb4_0900_ai_ci;
/*!40101 SET character_set_client = @saved_cs_client */;

--
-- Dumping data for table `special_service_request_remarks`
--

LOCK TABLES `special_service_request_remarks` WRITE;
/*!40000 ALTER TABLE `special_service_request_remarks` DISABLE KEYS */;
/*!40000 ALTER TABLE `special_service_request_remarks` ENABLE KEYS */;
UNLOCK TABLES;
/*!40103 SET TIME_ZONE=@OLD_TIME_ZONE */;

/*!40101 SET SQL_MODE=@OLD_SQL_MODE */;
/*!40014 SET FOREIGN_KEY_CHECKS=@OLD_FOREIGN_KEY_CHECKS */;
/*!40014 SET UNIQUE_CHECKS=@OLD_UNIQUE_CHECKS */;
/*!40101 SET CHARACTER_SET_CLIENT=@OLD_CHARACTER_SET_CLIENT */;
/*!40101 SET CHARACTER_SET_RESULTS=@OLD_CHARACTER_SET_RESULTS */;
/*!40101 SET COLLATION_CONNECTION=@OLD_COLLATION_CONNECTION */;
/*!40111 SET SQL_NOTES=@OLD_SQL_NOTES */;

-- Dump completed on 2025-06-18 13:01:23
